id,rep_id,metric_key,delta,calendar_id,logged_at,deleted_at
0e4e6115-89a0-47ef-90e2-fee3198609c0,8fb47a9e-f195-434b-b8ba-966b1d165761,demo,1,4c7fb48a-098a-4ab2-8de8-60b0d03bebfc,2026-08-25 13:43:04.96817+00,
9b421250-1f43-4e97-9d6a-46b3f70ef8bf,8fb47a9e-f195-434b-b8ba-966b1d165761,dials,1,,2026-08-25 13:59:54.778844+00,
4eccd59e-cec3-405e-8118-317dd838b4c6,ffce980a-6090-482c-a11d-b7f969f696d7,dials,1,,2026-08-25 14:04:43.811637+00,
ddce372e-8598-4461-9907-94485784f7ff,aae56d6d-c3b8-444a-810e-d99c54b5e95c,dials,1,,2026-08-25 14:04:54.04037+00,
64f6b13f-8bbd-42b7-9738-53d14dd84055,ffce980a-6090-482c-a11d-b7f969f696d7,dials,1,,2026-08-25 14:06:27.00324+00,
d8c66ba8-f26b-427d-b4c4-0e5e04910048,aae56d6d-c3b8-444a-810e-d99c54b5e95c,dials,1,,2026-08-25 14:07:14.202222+00,
fd106c88-2bd6-436d-b972-59a69e230240,aae56d6d-c3b8-444a-810e-d99c54b5e95c,gk_conv,1,,2026-08-25 14:07:14.902519+00,
95751bae-eccd-4fe4-86a2-39e2013e886f,c6632466-befd-416f-abea-f0cfaa311ae1,disc,1,35d53e33-6b33-4ad5-a28b-f91e9bc78dc4,2026-08-25 14:08:10.281575+00,
2d28fccc-b2f1-47dc-b214-5b207c7fac8b,ffce980a-6090-482c-a11d-b7f969f696d7,dials,1,,2026-08-25 14:08:44.442633+00,
d17d5120-bcca-4cb0-a2c5-93213ad89925,8fb47a9e-f195-434b-b8ba-966b1d165761,disc,1,e9342b5f-0938-4239-87c1-87defae0d552,2026-08-25 14:10:52.143532+00,
637c0643-59ae-43ea-84df-3b3d83236e99,aae56d6d-c3b8-444a-810e-d99c54b5e95c,dials,1,,2026-08-25 14:12:09.611115+00,
a2254f1e-9efe-4b48-9c38-09f25797fbd6,ffce980a-6090-482c-a11d-b7f969f696d7,dials,1,,2026-08-25 14:12:29.416405+00,
560acf56-b0ae-4775-a5aa-857d5eefa32c,ffce980a-6090-482c-a11d-b7f969f696d7,vm,1,,2026-08-25 14:12:30.117566+00,
b0d4fc11-b4ca-4995-9d39-0c8c6c7b5160,c6632466-befd-416f-abea-f0cfaa311ae1,dials,1,,2026-08-25 14:14:46.406101+00,
14f11073-384e-49de-89a6-9363c1124998,8fb47a9e-f195-434b-b8ba-966b1d165761,dials,1,,2026-08-25 14:15:58.960978+00,
c2b7689e-adcf-494b-838c-420735dc884a,8fb47a9e-f195-434b-b8ba-966b1d165761,gk_conv,1,,2026-08-25 14:16:02.698839+00,
b2beec3c-a108-4104-8df2-7fd3ea5095cf,aae56d6d-c3b8-444a-810e-d99c54b5e95c,dials,1,,2026-08-25 14:17:07.145206+00,
28ffb586-4d3c-4c55-90df-26f22ee91c53,ffce980a-6090-482c-a11d-b7f969f696d7,dials,1,,2026-08-25 14:17:50.836088+00,
27b300c3-fd86-4fcd-aef6-f0838613730c,8fb47a9e-f195-434b-b8ba-966b1d165761,dials,1,,2026-08-25 14:18:09.074902+00,
d7c0bb12-c276-474a-aea6-c565131b1f81,c6632466-befd-416f-abea-f0cfaa311ae1,dials,1,,2026-08-25 14:19:30.937816+00,
caca04ab-386a-401d-89fc-2c2f92bd1caa,c6632466-befd-416f-abea-f0cfaa311ae1,dials,1,,2026-08-25 14:19:31.392316+00,
b0fb07a7-bb60-4e7b-a0ec-c7ef1aa58860,aae56d6d-c3b8-444a-810e-d99c54b5e95c,dials,1,,2026-08-25 14:22:06.199217+00,
90c51792-0742-44cf-ad07-f63f3a5a07d5,aae56d6d-c3b8-444a-810e-d99c54b5e95c,gk_conv,1,,2026-08-25 14:22:07.185614+00,
23659b96-0c57-4e38-9ecd-4d755488f519,ffce980a-6090-482c-a11d-b7f969f696d7,dials,1,,2026-08-25 14:22:11.909786+00,
44a87531-6c82-412c-b24d-e2fa8c4bf338,ffce980a-6090-482c-a11d-b7f969f696d7,vm,1,,2026-08-25 14:22:12.658398+00,
cc3b3181-3ceb-4f1e-b186-6d064d02c362,c6632466-befd-416f-abea-f0cfaa311ae1,dials,1,,2026-08-25 14:25:32.221974+00,
3caac2b8-f558-4222-a6e6-d13b60f2f46e,c6632466-befd-416f-abea-f0cfaa311ae1,gk_conv,1,,2026-08-25 14:25:32.616145+00,
ad6f0136-f56b-4373-b00b-42382b55752c,8fb47a9e-f195-434b-b8ba-966b1d165761,dials,1,,2026-08-25 14:26:14.30534+00,
65740d8e-1900-4ba6-b774-d116c324521c,8fb47a9e-f195-434b-b8ba-966b1d165761,gk_conv,1,,2026-08-25 14:26:15.14953+00,
93a3f8bb-67ac-40c3-8b73-ac93d0897108,aae56d6d-c3b8-444a-810e-d99c54b5e95c,dials,1,,2026-08-25 14:26:30.480337+00,
a499cca0-1c4a-4fcb-8e7e-d80b0fbdfc34,c6632466-befd-416f-abea-f0cfaa311ae1,dials,1,,2026-08-25 14:26:45.227073+00,
1f182956-4ee0-423d-9aa8-fda56b32bd78,c6632466-befd-416f-abea-f0cfaa311ae1,dials,1,,2026-08-25 14:26:46.25615+00,
b844ad05-b0ce-417a-8b11-e8d347ae8a2f,aae56d6d-c3b8-444a-810e-d99c54b5e95c,dials,1,,2026-08-25 14:29:33.298644+00,
d9083ce3-a889-4d3b-b078-0030b41dbc2a,c6632466-befd-416f-abea-f0cfaa311ae1,dials,1,,2026-08-25 14:29:37.411439+00,
146798d0-444c-45c0-877d-4944f40ff424,c6632466-befd-416f-abea-f0cfaa311ae1,dials,1,,2026-08-25 14:29:38.214361+00,
a07cf333-5f76-4d34-afca-199df8cc613a,aae56d6d-c3b8-444a-810e-d99c54b5e95c,vm,1,,2026-08-25 14:30:57.067132+00,
63ab5c77-77b6-4a43-bd24-4de2c211b01e,ffce980a-6090-482c-a11d-b7f969f696d7,dials,1,,2026-08-25 14:31:10.455536+00,
b658560b-99c8-4764-814b-e2987feb0566,c6632466-befd-416f-abea-f0cfaa311ae1,dials,1,,2026-08-25 14:31:52.5218+00,
07d9d21c-fec8-47e6-a570-d8b927d7adfe,c6632466-befd-416f-abea-f0cfaa311ae1,dials,1,,2026-08-25 14:32:34.619477+00,
6d2c08ef-f4cf-4213-8cd9-329c2faed4f9,ffce980a-6090-482c-a11d-b7f969f696d7,dials,1,,2026-08-25 14:33:03.962132+00,
41926a09-f8e5-4f08-a18c-26d506988f82,ffce980a-6090-482c-a11d-b7f969f696d7,gk_conv,1,,2026-08-25 14:33:04.483541+00,
3ee6b940-2385-4af5-8384-7031b865003e,ffce980a-6090-482c-a11d-b7f969f696d7,vm,1,,2026-08-25 14:33:52.299201+00,
9b313bec-fc1b-491f-963c-52ec66556406,8fb47a9e-f195-434b-b8ba-966b1d165761,dials,1,,2026-08-25 14:34:16.166771+00,
a31f4c61-8966-48ac-8841-63c038be9dcf,aae56d6d-c3b8-444a-810e-d99c54b5e95c,dials,1,,2026-08-25 14:34:34.675246+00,
7dbece2c-330b-431f-92e6-aa50bdd0ed51,8fb47a9e-f195-434b-b8ba-966b1d165761,dm_conv,1,,2026-08-25 14:34:49.431003+00,
c5ba4b53-c9b0-4fb9-9d1c-7c396ca9fb66,ffce980a-6090-482c-a11d-b7f969f696d7,dials,1,,2026-08-25 14:36:22.406444+00,
1e1878c1-7353-4502-ba3e-101abefe9189,8fb47a9e-f195-434b-b8ba-966b1d165761,dials,1,,2026-08-25 14:37:12.134877+00,
05e1041a-6449-4991-a7bb-f1f8decfec83,8fb47a9e-f195-434b-b8ba-966b1d165761,dials,1,,2026-08-25 14:37:12.273047+00,
5f2b01a2-5ed5-4cf3-891e-47ae53558ca1,8fb47a9e-f195-434b-b8ba-966b1d165761,vm,1,,2026-08-25 14:37:14.000376+00,
69ce7858-1b6f-4d19-aa99-0820ddc83e4a,ffce980a-6090-482c-a11d-b7f969f696d7,dials,1,,2026-08-25 14:38:09.726673+00,
996fe84d-4bef-4974-993d-d9e11dd00241,8fb47a9e-f195-434b-b8ba-966b1d165761,dials,1,,2026-08-25 14:38:36.618162+00,
7c6ee84a-d199-4097-9854-2c3978d3ea64,8fb47a9e-f195-434b-b8ba-966b1d165761,dials,1,,2026-08-25 14:38:36.744026+00,2026-08-25 14:38:37.849+00
8c4d28e8-9e07-4702-b811-1d85655b42a2,8fb47a9e-f195-434b-b8ba-966b1d165761,vm,1,,2026-08-25 14:38:40.119244+00,
f69e0995-37fc-4e98-8a73-057c7676a176,ffce980a-6090-482c-a11d-b7f969f696d7,dials,1,,2026-08-25 14:39:46.02031+00,
5198e0c6-04d5-4a76-96f9-7db15731d304,c6632466-befd-416f-abea-f0cfaa311ae1,dials,1,,2026-08-25 14:40:39.905153+00,
9e6f13e0-b346-4878-adf0-597bf36cdda8,c6632466-befd-416f-abea-f0cfaa311ae1,dials,1,,2026-08-25 14:40:41.118485+00,
c98f99a3-7662-4ebe-ab13-3d116f597bc1,c6632466-befd-416f-abea-f0cfaa311ae1,gk_conv,1,,2026-08-25 14:40:41.981456+00,
1b07265b-d9bb-417a-8962-01ec48c39ac0,c6632466-befd-416f-abea-f0cfaa311ae1,vm,1,,2026-08-25 14:40:42.97916+00,
888a898f-65c6-4922-a1e9-e38db394b4fa,8fb47a9e-f195-434b-b8ba-966b1d165761,dials,1,,2026-08-25 14:41:32.71801+00,
2d390378-0a95-4e97-954a-b40896d2c9b4,8fb47a9e-f195-434b-b8ba-966b1d165761,vm,1,,2026-08-25 14:41:33.57419+00,
6c9aa1a8-a419-4b10-8ddc-1968bdbf2348,ffce980a-6090-482c-a11d-b7f969f696d7,dials,1,,2026-08-25 14:42:47.677732+00,
9ad9462f-1cbe-4d82-9e64-b53a739101f4,ffce980a-6090-482c-a11d-b7f969f696d7,gk_conv,1,,2026-08-25 14:42:48.190077+00,
c7f90980-5a3b-4986-b722-041ef0bc5925,c6632466-befd-416f-abea-f0cfaa311ae1,dials,1,,2026-08-25 14:43:07.539339+00,
225cde37-fd6f-4a3e-a154-29d0718833a9,aae56d6d-c3b8-444a-810e-d99c54b5e95c,dials,1,,2026-08-25 14:43:08.272457+00,
90ed500c-59f6-4f4d-8425-6ec0a3b6e9b3,aae56d6d-c3b8-444a-810e-d99c54b5e95c,gk_conv,1,,2026-08-25 14:43:09.091055+00,
6c3eb7a0-2c83-4bb9-8c0a-3a03b31ba9cd,ffce980a-6090-482c-a11d-b7f969f696d7,vm,1,,2026-08-25 14:43:56.991587+00,
e39bad0a-d95a-4b31-a28f-ec7a018ca9ba,8fb47a9e-f195-434b-b8ba-966b1d165761,dials,1,,2026-08-25 14:45:10.792031+00,
2ff61f52-f59f-471d-9f32-72f937558f3f,8fb47a9e-f195-434b-b8ba-966b1d165761,dials,1,,2026-08-25 14:45:10.921448+00,2026-08-25 14:45:11.756+00
cdb2f7ad-70b1-4495-8e0b-11a022599e84,8fb47a9e-f195-434b-b8ba-966b1d165761,gk_conv,1,,2026-08-25 14:45:12.515397+00,
25096d85-e757-458e-93de-53fa940430e6,c6632466-befd-416f-abea-f0cfaa311ae1,dials,1,,2026-08-25 14:45:37.685712+00,
129bc782-d604-41de-84fb-f4d9584d1b2a,c6632466-befd-416f-abea-f0cfaa311ae1,vm,1,,2026-08-25 14:45:40.13037+00,
9e8de2a2-788d-46c0-8caf-6b860ec32ed7,8fb47a9e-f195-434b-b8ba-966b1d165761,dials,1,,2026-08-25 14:46:23.282854+00,
cb6e3738-461d-4cea-9b70-9ef96fe7cd57,8fb47a9e-f195-434b-b8ba-966b1d165761,vm,1,,2026-08-25 14:46:24.016054+00,
2d88b408-56b8-4b97-8992-f7fc492b3c2a,8fb47a9e-f195-434b-b8ba-966b1d165761,dials,1,,2026-08-25 14:48:58.827338+00,
9d3f879e-cac8-4b27-953b-d2ba7772cc21,8fb47a9e-f195-434b-b8ba-966b1d165761,vm,1,,2026-08-25 14:48:59.553885+00,
834161d1-8544-4c49-823e-a6595dc29375,c6632466-befd-416f-abea-f0cfaa311ae1,dials,1,,2026-08-25 14:52:06.482904+00,
53aeece7-038a-45e6-865a-31a7573e6200,c6632466-befd-416f-abea-f0cfaa311ae1,dials,1,,2026-08-25 14:52:07.104326+00,
a3449e13-e217-41fb-9876-83682cfe20e8,8fb47a9e-f195-434b-b8ba-966b1d165761,dials,1,,2026-08-25 14:52:35.378573+00,
3e1fdffa-5299-4e05-88d2-720e12f404ca,8fb47a9e-f195-434b-b8ba-966b1d165761,vm,1,,2026-08-25 14:52:36.862339+00,
6d391eb3-ad95-46ca-81ca-eb6535e981f7,ffce980a-6090-482c-a11d-b7f969f696d7,dials,1,,2026-08-25 14:52:48.675321+00,
ff23b37e-f23c-4752-bfd9-2e3a3185a217,c6632466-befd-416f-abea-f0cfaa311ae1,dials,1,,2026-08-25 14:53:25.121231+00,
a7ec8c65-103f-4c92-8790-237282ef8b6c,aae56d6d-c3b8-444a-810e-d99c54b5e95c,dials,1,,2026-08-25 14:54:00.396213+00,
1b575036-ca44-4493-ace6-5fd3379f1ce6,aae56d6d-c3b8-444a-810e-d99c54b5e95c,dm_conv,1,,2026-08-25 14:54:01.303239+00,
662ae54e-2957-4b93-84ac-5a8864d089a8,aae56d6d-c3b8-444a-810e-d99c54b5e95c,vm,1,,2026-08-25 14:54:03.927101+00,
c37864b5-a6ab-4535-bc2f-335eeb084ed5,ffce980a-6090-482c-a11d-b7f969f696d7,dials,1,,2026-08-25 14:55:10.102351+00,
a72a51c2-f9e7-4156-9451-19421e6fd531,aae56d6d-c3b8-444a-810e-d99c54b5e95c,dials,1,,2026-08-25 15:07:41.803986+00,
deac530b-f570-4ece-900c-5bb6f324b19c,ffce980a-6090-482c-a11d-b7f969f696d7,dials,1,,2026-08-25 15:10:13.492467+00,
714a013c-f577-45f5-9c60-bab1aee1f4e7,aae56d6d-c3b8-444a-810e-d99c54b5e95c,dials,1,,2026-08-25 15:13:28.775517+00,
65c0e8aa-bc1d-45c8-b336-3ac0e7dc38b7,ffce980a-6090-482c-a11d-b7f969f696d7,dials,1,,2026-08-25 15:13:32.766551+00,
1c223dc6-8866-4c78-a312-f8f3c85f3b63,ffce980a-6090-482c-a11d-b7f969f696d7,vm,1,,2026-08-25 15:13:35.585519+00,
01f9e1b3-266b-408b-aece-6028678da854,aae56d6d-c3b8-444a-810e-d99c54b5e95c,dials,1,,2026-08-25 15:15:02.685593+00,
fcf6a44c-f48e-41d2-97d7-22cae5d54069,aae56d6d-c3b8-444a-810e-d99c54b5e95c,dials,1,,2026-08-25 15:16:22.172709+00,
73269724-b5ec-41c5-8c3b-2e62e65e0a42,c6632466-befd-416f-abea-f0cfaa311ae1,vm,1,,2026-08-25 15:17:07.439358+00,
7d59e783-4ec5-4fbe-ba7d-fe72ee63f929,c6632466-befd-416f-abea-f0cfaa311ae1,dials,1,,2026-08-25 15:17:07.686457+00,
3095e192-65a2-469a-afcf-c6b15e16416c,ffce980a-6090-482c-a11d-b7f969f696d7,dials,1,,2026-08-25 15:18:11.322388+00,
d997d2a7-e8a4-4446-83e1-3f1b04494a46,ffce980a-6090-482c-a11d-b7f969f696d7,dials,1,,2026-08-25 15:19:25.708212+00,
d772b3a3-7cd2-417a-89ee-aa42b69d7fc9,aae56d6d-c3b8-444a-810e-d99c54b5e95c,dials,1,,2026-08-25 15:21:23.656668+00,
fb3f25bb-54d3-495b-b3d5-09640f047658,aae56d6d-c3b8-444a-810e-d99c54b5e95c,gk_conv,1,,2026-08-25 15:21:24.604242+00,
bc7744c8-fc37-4651-a77a-1f63d0a5875d,aae56d6d-c3b8-444a-810e-d99c54b5e95c,vm,1,,2026-08-25 15:21:25.580551+00,
214e0816-579f-4517-9225-e6ace2cbbd06,aae56d6d-c3b8-444a-810e-d99c54b5e95c,dials,1,,2026-08-25 15:22:57.493886+00,
01865d92-abde-4336-a642-243a2f55c1f9,c6632466-befd-416f-abea-f0cfaa311ae1,dials,1,,2026-08-25 15:23:59.575552+00,
223ea041-9e9a-447e-ba5f-ef57c2408286,ffce980a-6090-482c-a11d-b7f969f696d7,dials,1,,2026-08-25 15:25:43.086331+00,
61bb94eb-68b9-4f39-968e-00a176643dbc,aae56d6d-c3b8-444a-810e-d99c54b5e95c,dials,1,,2026-08-25 15:25:52.045149+00,
bbb74269-a004-46dc-937c-eedb2843c2e1,c6632466-befd-416f-abea-f0cfaa311ae1,dials,1,,2026-08-25 15:27:47.690691+00,
ef1bd64e-ba88-4866-a10f-bf47b51c2f64,c6632466-befd-416f-abea-f0cfaa311ae1,dm_conv,1,,2026-08-25 15:27:48.861455+00,
5cee0260-0b97-43d1-b4f8-456b1e0ddb4a,aae56d6d-c3b8-444a-810e-d99c54b5e95c,dials,1,,2026-08-25 15:28:09.456947+00,
63d912c3-dbe4-43e3-9bd2-695d4016e143,ffce980a-6090-482c-a11d-b7f969f696d7,dials,1,,2026-08-25 15:29:46.242608+00,
68142b5b-4c66-4887-9f4c-9da24abf0c35,c6632466-befd-416f-abea-f0cfaa311ae1,dials,1,,2026-08-25 15:30:04.303324+00,
3609eeb6-cdfc-4698-88d7-6f05ac6b830f,c6632466-befd-416f-abea-f0cfaa311ae1,vm,1,,2026-08-25 15:30:09.277803+00,
88f976a7-49bc-4293-baa0-d65ccab299fd,aae56d6d-c3b8-444a-810e-d99c54b5e95c,dm_conv,1,,2026-08-25 15:33:27.088817+00,
90d7d01f-724a-4129-9e3f-60e629e90ad4,aae56d6d-c3b8-444a-810e-d99c54b5e95c,vm,1,,2026-08-25 15:33:27.763811+00,
c739e9e2-a4b9-4b08-bb1b-5a2dc8f23e9a,aae56d6d-c3b8-444a-810e-d99c54b5e95c,dials,1,,2026-08-25 15:33:28.755146+00,
6e4b6945-1e3b-46e6-8f69-3275f074d25f,aae56d6d-c3b8-444a-810e-d99c54b5e95c,disc,1,b7995415-2546-450f-917d-bff95cb94b90,2026-08-25 15:33:49.584246+00,
320c9f5f-aeea-43e6-a57b-33387f149a20,8fb47a9e-f195-434b-b8ba-966b1d165761,dials,1,,2026-08-25 15:33:54.811125+00,
1a7f2aae-4a55-4d69-b202-06ca6c0d9907,ffce980a-6090-482c-a11d-b7f969f696d7,dials,1,,2026-08-25 15:34:09.988624+00,
250fe7e0-fcbb-4c5a-be69-3815af130eed,ffce980a-6090-482c-a11d-b7f969f696d7,gk_conv,1,,2026-08-25 15:34:10.57017+00,
2f680aa8-1f57-4be5-a52a-b9a4fb82274e,c6632466-befd-416f-abea-f0cfaa311ae1,dials,1,,2026-08-25 15:35:24.102803+00,
ec6b91c9-7aae-4be9-86d5-19132c50a73a,c6632466-befd-416f-abea-f0cfaa311ae1,dials,1,,2026-08-25 15:35:24.462082+00,
d88b181f-60c0-44c9-85c7-08a20043aff4,8fb47a9e-f195-434b-b8ba-966b1d165761,dials,1,,2026-08-25 15:35:32.783119+00,
46516f4d-32a0-4c90-991c-2e30cb9078d8,ffce980a-6090-482c-a11d-b7f969f696d7,dials,1,,2026-08-25 15:36:57.159281+00,
2b4b84ad-2927-4366-9090-6dc2d5c164f9,8fb47a9e-f195-434b-b8ba-966b1d165761,dials,1,,2026-08-25 15:37:45.536683+00,
5131a55c-7cc9-439c-a8c5-86b2b841cbb9,8fb47a9e-f195-434b-b8ba-966b1d165761,vm,1,,2026-08-25 15:37:46.60327+00,
9b5f5db4-b462-4d31-b843-489f8918898c,aae56d6d-c3b8-444a-810e-d99c54b5e95c,dials,1,,2026-08-25 15:38:18.438528+00,
7be185fb-d63a-41e9-88c2-438c2a8cbc6a,aae56d6d-c3b8-444a-810e-d99c54b5e95c,dials,1,,2026-08-25 15:38:19.712954+00,
5df6b95e-e1e5-4e42-8ab1-578aaa974b29,ffce980a-6090-482c-a11d-b7f969f696d7,dials,1,,2026-08-25 15:39:19.776117+00,
60f0ac22-e7cc-47b9-9fc9-814212682d90,8fb47a9e-f195-434b-b8ba-966b1d165761,dials,1,,2026-08-25 15:39:21.27714+00,
8b45aeb9-8dac-4396-b3b9-2c01dd1c2038,aae56d6d-c3b8-444a-810e-d99c54b5e95c,dials,1,,2026-08-25 15:39:45.192879+00,
fc1662c5-96e7-4082-93de-a97501842042,aae56d6d-c3b8-444a-810e-d99c54b5e95c,dials,1,,2026-08-25 15:40:43.408665+00,
8258660f-c62e-44d5-9189-bdc17c768246,aae56d6d-c3b8-444a-810e-d99c54b5e95c,gk_conv,1,,2026-08-25 15:40:44.422418+00,
968c6a47-bd35-43a1-bb09-28be07246f0c,aae56d6d-c3b8-444a-810e-d99c54b5e95c,vm,1,,2026-08-25 15:40:47.176856+00,
d12de423-7c43-4817-8982-18bdce37d745,8fb47a9e-f195-434b-b8ba-966b1d165761,dials,1,,2026-08-25 15:40:55.235337+00,
7b24e651-bec3-42a0-868d-8f2227940bcb,8fb47a9e-f195-434b-b8ba-966b1d165761,vm,1,,2026-08-25 15:40:56.170713+00,
dbdf1919-0ce8-4790-9755-5c028f2ca6f7,ffce980a-6090-482c-a11d-b7f969f696d7,dials,1,,2026-08-25 15:41:08.716796+00,
aff1aa86-67c1-4394-8287-33c1bbca98bd,aae56d6d-c3b8-444a-810e-d99c54b5e95c,dials,1,,2026-08-25 15:42:08.756804+00,
54c4009b-6759-4719-97ab-1317657ca754,aae56d6d-c3b8-444a-810e-d99c54b5e95c,vm,1,,2026-08-25 15:42:09.78255+00,
b4148a71-58f0-4838-970c-bb085fdd13be,ffce980a-6090-482c-a11d-b7f969f696d7,dials,1,,2026-08-25 15:42:39.99661+00,
2f255029-c807-457b-8d6b-d791ba987cce,ffce980a-6090-482c-a11d-b7f969f696d7,dials,1,,2026-08-25 15:43:02.282704+00,
1b29ef9a-0915-44b8-8769-37851c4ac6c7,c6632466-befd-416f-abea-f0cfaa311ae1,dials,1,,2026-08-25 15:44:02.310817+00,
52671bb1-6f5d-47e1-9e01-ce78836d1627,aae56d6d-c3b8-444a-810e-d99c54b5e95c,dials,1,,2026-08-25 15:44:07.456361+00,
93a38538-2d26-4af8-9a3c-5172ae47b059,8fb47a9e-f195-434b-b8ba-966b1d165761,dials,1,,2026-08-25 15:44:23.232969+00,
3907b838-37df-4bdd-9184-070547eac973,8fb47a9e-f195-434b-b8ba-966b1d165761,dm_conv,1,,2026-08-25 15:44:24.431106+00,
1b093e23-9fb2-4218-acda-095742946221,aae56d6d-c3b8-444a-810e-d99c54b5e95c,dials,1,,2026-08-25 15:45:13.07035+00,
5431cd86-a7d2-4cf8-8ca9-7e4137b43c30,aae56d6d-c3b8-444a-810e-d99c54b5e95c,dm_conv,1,,2026-08-25 15:45:14.275218+00,
c907f08b-4b3e-414c-9bc5-d4e93e9faf32,ffce980a-6090-482c-a11d-b7f969f696d7,dials,1,,2026-08-25 15:46:54.634874+00,
05a38f46-02c9-46af-97f2-26df061e9b9e,ffce980a-6090-482c-a11d-b7f969f696d7,gk_conv,1,,2026-08-25 15:46:56.660194+00,
68b8c334-8e83-4031-a4ef-84ae65b23c97,c6632466-befd-416f-abea-f0cfaa311ae1,dials,1,,2026-08-25 15:46:57.359279+00,
b1d69d10-6288-4437-be02-c0d66c968c10,c6632466-befd-416f-abea-f0cfaa311ae1,dials,1,,2026-08-25 15:47:24.353662+00,
4cb90bf7-3055-4a7c-8d42-6933b8dc1c48,8fb47a9e-f195-434b-b8ba-966b1d165761,dials,1,,2026-08-25 15:47:58.798947+00,
858d9683-512a-433d-9223-38a5198bf80f,8fb47a9e-f195-434b-b8ba-966b1d165761,dials,1,,2026-08-25 15:47:58.92697+00,2026-08-25 15:48:00.652+00
752594dc-cd58-4fed-98c7-87b68478c7fe,c6632466-befd-416f-abea-f0cfaa311ae1,vm,1,,2026-08-25 15:48:01.530963+00,
1447edbc-fd1e-4a50-ac63-a5e2aacabd45,c6632466-befd-416f-abea-f0cfaa311ae1,dials,1,,2026-08-25 15:48:03.016716+00,
14c86360-013b-4d0b-8aa8-b24104d84440,8fb47a9e-f195-434b-b8ba-966b1d165761,gk_conv,1,,2026-08-25 15:48:07.514042+00,
9ef058bc-37e4-47b7-b842-6facbd545f46,aae56d6d-c3b8-444a-810e-d99c54b5e95c,dials,1,,2026-08-25 15:48:12.293033+00,
9fce410e-56c0-4280-95b1-d79a071c9624,aae56d6d-c3b8-444a-810e-d99c54b5e95c,gk_conv,1,,2026-08-25 15:48:14.941821+00,
ca25d03e-b30d-479e-a06c-dd2a8fb93c73,c6632466-befd-416f-abea-f0cfaa311ae1,dials,1,,2026-08-25 15:49:07.226504+00,
a6216ab3-d3b6-4b68-8dd1-997115b5f36b,c6632466-befd-416f-abea-f0cfaa311ae1,dials,1,,2026-08-25 15:49:19.836702+00,
bddbf930-21ec-455e-8c9c-365e2d020576,8fb47a9e-f195-434b-b8ba-966b1d165761,dials,1,,2026-08-25 15:50:14.622802+00,
ec013411-49c6-4452-8b62-6f729f89a08b,8fb47a9e-f195-434b-b8ba-966b1d165761,vm,1,,2026-08-25 15:50:15.586136+00,
742a220b-8edc-4932-a220-4817c3460aba,aae56d6d-c3b8-444a-810e-d99c54b5e95c,dials,1,,2026-08-25 15:50:41.68014+00,
84ee861d-b9be-451c-92b3-c1b066d5f784,aae56d6d-c3b8-444a-810e-d99c54b5e95c,vm,1,,2026-08-25 15:50:42.985139+00,
2ae61a68-ba8c-4bb2-b51a-96c3d39dc0de,c6632466-befd-416f-abea-f0cfaa311ae1,dials,1,,2026-08-25 15:50:44.754689+00,
545c8eb8-5d48-4b87-969f-ec28d3628a1c,ffce980a-6090-482c-a11d-b7f969f696d7,dials,1,,2026-08-25 15:51:17.096831+00,
d9a5ceb7-1200-4d8a-909a-9689f26a29db,8fb47a9e-f195-434b-b8ba-966b1d165761,dials,1,,2026-08-25 15:52:09.147005+00,
6730da7a-e537-428e-96a6-fad952622bfb,8fb47a9e-f195-434b-b8ba-966b1d165761,vm,1,,2026-08-25 15:52:10.063716+00,
3fc52602-d078-4fc4-a3c3-77c6124efbba,8fb47a9e-f195-434b-b8ba-966b1d165761,vm,1,,2026-08-25 15:52:13.847584+00,
b3e6eb88-88fb-4c8c-95fa-a512e7608ef2,aae56d6d-c3b8-444a-810e-d99c54b5e95c,dials,1,,2026-08-25 15:52:22.949462+00,
0d4eb253-1c2f-41fe-9209-29240d5e8c1c,aae56d6d-c3b8-444a-810e-d99c54b5e95c,vm,1,,2026-08-25 15:52:23.723963+00,
fbfe65f2-b62c-498d-8bbc-6a81886f31b0,c6632466-befd-416f-abea-f0cfaa311ae1,dials,1,,2026-08-25 15:53:10.771552+00,
73c807c0-09c7-4d30-8779-86bab840898e,aae56d6d-c3b8-444a-810e-d99c54b5e95c,dials,1,,2026-08-25 15:53:48.413813+00,
fec28926-a326-485d-bc8c-c324cb6bb29e,8fb47a9e-f195-434b-b8ba-966b1d165761,dials,1,,2026-08-25 15:54:04.20188+00,
439c6940-34d3-4057-ac3c-ed1e402df942,8fb47a9e-f195-434b-b8ba-966b1d165761,vm,1,,2026-08-25 15:54:05.158982+00,
0331129a-e138-4325-add8-614c238899e4,ffce980a-6090-482c-a11d-b7f969f696d7,dials,1,,2026-08-25 15:55:21.087708+00,
c34eb475-af1e-4ae8-85ea-89f387188f3b,aae56d6d-c3b8-444a-810e-d99c54b5e95c,dials,1,,2026-08-25 15:55:42.781622+00,
e9c23857-c30f-4109-9782-bdc0ed85bc35,aae56d6d-c3b8-444a-810e-d99c54b5e95c,dm_conv,1,,2026-08-25 15:55:44.059455+00,
9dfc1935-777d-4be4-806c-17b39a45c344,ffce980a-6090-482c-a11d-b7f969f696d7,gk_conv,1,,2026-08-25 15:56:22.56572+00,
78a5a188-b9b5-4ce0-a21d-956d875f2f2a,c6632466-befd-416f-abea-f0cfaa311ae1,dials,1,,2026-08-25 15:56:30.976536+00,
9e3a55e7-8977-4d6e-a475-12f4f24f82ec,c6632466-befd-416f-abea-f0cfaa311ae1,vm,1,,2026-08-25 15:56:33.593612+00,
098ddae2-4af6-431f-acff-c3ec79e09fff,aae56d6d-c3b8-444a-810e-d99c54b5e95c,dials,1,,2026-08-25 15:57:20.012118+00,
2e88303f-fe7d-4cff-ab83-efedd3c61c5d,aae56d6d-c3b8-444a-810e-d99c54b5e95c,vm,1,,2026-08-25 15:57:21.782546+00,
25229492-dd19-42ea-97b6-d736e249b521,8fb47a9e-f195-434b-b8ba-966b1d165761,disc,1,a84205fb-1904-4362-9627-6f05e89a9107,2026-08-25 15:59:09.275987+00,
17ecf937-24a5-4aff-bdfc-c2aa918db7bd,ffce980a-6090-482c-a11d-b7f969f696d7,dials,1,,2026-08-25 15:59:49.444996+00,
1f7e3c1d-40ab-4c35-8716-cbc33b90bffa,aae56d6d-c3b8-444a-810e-d99c54b5e95c,disc,1,bfa15a7c-2438-47bd-9a0c-228492258e62,2026-08-25 16:02:37.096104+00,
1e0f6eee-7070-474b-9bef-f1a3cf024b3f,c6632466-befd-416f-abea-f0cfaa311ae1,dials,1,,2026-08-25 16:10:34.763509+00,
786938ba-26d7-4886-8749-8aaedb4d5d20,c6632466-befd-416f-abea-f0cfaa311ae1,disc,1,9d9c9c67-0eec-4dc0-bf8b-3a681d2022bd,2026-08-25 16:10:44.011153+00,
4c2aeb0d-fd64-4ca2-8bd2-7714844a0c3b,ffce980a-6090-482c-a11d-b7f969f696d7,dials,1,,2026-08-25 16:11:14.20955+00,
45d13f4f-6bd2-4811-83d4-c3315bf175ac,ffce980a-6090-482c-a11d-b7f969f696d7,dm_conv,1,,2026-08-25 16:11:14.387667+00,
c88be6b4-1850-489d-9941-3a10c00cec31,aae56d6d-c3b8-444a-810e-d99c54b5e95c,dials,1,,2026-08-25 17:04:08.307048+00,
ab662ec6-66b1-4595-b8d9-90fa0da5a7c3,aae56d6d-c3b8-444a-810e-d99c54b5e95c,dials,1,,2026-08-25 17:06:53.476007+00,
75684a39-d4c3-4ce0-8f9c-8d50e1d9f31c,ffce980a-6090-482c-a11d-b7f969f696d7,dials,1,,2026-08-25 17:07:12.603659+00,
dea7a3d7-3ba1-410e-9ef3-5921cab34d3f,8fb47a9e-f195-434b-b8ba-966b1d165761,dials,1,,2026-08-25 17:08:31.934402+00,
87f683cb-52ef-4ec6-84f6-2c8760fc7e39,8fb47a9e-f195-434b-b8ba-966b1d165761,gk_conv,1,,2026-08-25 17:08:32.820141+00,
0d897603-f8b6-4b1c-91c3-2e1beb800ffd,8fb47a9e-f195-434b-b8ba-966b1d165761,dials,1,,2026-08-25 17:10:52.169332+00,
8ff3949b-6920-43ad-87ed-7c3249d35a66,8fb47a9e-f195-434b-b8ba-966b1d165761,dials,1,,2026-08-25 17:10:52.307267+00,2026-08-25 17:10:53.381+00
1b15c27b-9158-4382-8089-e635669d54e4,8fb47a9e-f195-434b-b8ba-966b1d165761,vm,1,,2026-08-25 17:10:54.495838+00,
5aefc6ca-6dec-40c0-b74f-39d750e288bb,8fb47a9e-f195-434b-b8ba-966b1d165761,dials,1,,2026-08-25 17:13:25.786967+00,
c1896c2b-c3fc-4e2f-ab1d-234253a76d6b,8fb47a9e-f195-434b-b8ba-966b1d165761,vm,1,,2026-08-25 17:13:26.732587+00,2026-08-25 17:13:28.45+00
0a64b633-65c3-49ef-a777-65b7f9c6f51c,8fb47a9e-f195-434b-b8ba-966b1d165761,dials,1,,2026-08-25 17:17:02.363767+00,
66926f2d-2ef5-4562-ad32-9057d3b73de4,8fb47a9e-f195-434b-b8ba-966b1d165761,gk_conv,1,,2026-08-25 17:17:03.582406+00,
c234dff4-7009-41c4-afd2-a82899c1e733,ffce980a-6090-482c-a11d-b7f969f696d7,dials,1,,2026-08-25 17:17:26.200895+00,
630660c0-b824-4e99-8106-c500b288cfa7,aae56d6d-c3b8-444a-810e-d99c54b5e95c,dials,1,,2026-08-25 17:18:57.583723+00,
688fac7b-e50c-4a5a-80a7-120dbcb0032c,aae56d6d-c3b8-444a-810e-d99c54b5e95c,vm,1,,2026-08-25 17:18:58.337759+00,
f9009dd2-0515-4ab7-8e60-d905ac20b464,ffce980a-6090-482c-a11d-b7f969f696d7,dials,1,,2026-08-25 17:22:24.851401+00,
9563582f-c377-4030-810f-c87be8e2a8ca,aae56d6d-c3b8-444a-810e-d99c54b5e95c,dials,1,,2026-08-25 17:22:46.024194+00,
c8455bbd-c4d7-4dbe-a712-06919bdd00c5,aae56d6d-c3b8-444a-810e-d99c54b5e95c,gk_conv,1,,2026-08-25 17:22:46.694571+00,
23f9d63e-1dee-4812-a038-ff93c279554a,8fb47a9e-f195-434b-b8ba-966b1d165761,dials,1,,2026-08-25 17:24:49.250479+00,
d68494b4-236c-4fdc-9a65-c05e356b01c3,8fb47a9e-f195-434b-b8ba-966b1d165761,vm,1,,2026-08-25 17:24:49.977089+00,
335a7d64-a659-4b3a-8c3c-60dd234244e4,ffce980a-6090-482c-a11d-b7f969f696d7,dials,1,,2026-08-25 17:27:11.223073+00,
f8ac7bcc-23be-4476-9862-454aec87b6e4,aae56d6d-c3b8-444a-810e-d99c54b5e95c,dials,1,,2026-08-25 17:28:28.848906+00,
f8d2ab6d-bd0a-45d1-806f-bd77f1fad376,aae56d6d-c3b8-444a-810e-d99c54b5e95c,gk_conv,1,,2026-08-25 17:28:29.713886+00,
78d32285-6c08-4226-b153-eb52eb368f9e,ffce980a-6090-482c-a11d-b7f969f696d7,vm,1,,2026-08-25 17:28:45.31745+00,
b6d7431b-2b0d-4adb-9ff0-8785212b6ad9,8fb47a9e-f195-434b-b8ba-966b1d165761,dials,1,,2026-08-25 17:28:54.080074+00,
b22ae2c7-556d-4492-8cdd-e9e9f4dd6054,8fb47a9e-f195-434b-b8ba-966b1d165761,dials,1,,2026-08-25 17:30:18.345045+00,
906d2fb5-64f6-461a-a832-098225213b12,8fb47a9e-f195-434b-b8ba-966b1d165761,vm,1,,2026-08-25 17:30:21.839334+00,
951330a4-2545-4afd-896c-77d322653edb,8fb47a9e-f195-434b-b8ba-966b1d165761,dials,1,,2026-08-25 17:32:26.225684+00,
1e3628c2-4161-4a68-8ff4-3a9f94feabbf,8fb47a9e-f195-434b-b8ba-966b1d165761,dials,1,,2026-08-25 17:32:26.395072+00,2026-08-25 17:32:27.416+00
11acc0a5-db17-43ec-a68b-2320e030b6b7,ffce980a-6090-482c-a11d-b7f969f696d7,dials,1,,2026-08-25 17:33:06.021273+00,
5650fd02-89b8-440b-9f9a-0e98b4e752d5,8fb47a9e-f195-434b-b8ba-966b1d165761,dials,1,,2026-08-25 17:39:09.12033+00,
f656f964-d875-4e98-b4f3-108e3627fd16,8fb47a9e-f195-434b-b8ba-966b1d165761,dm_conv,1,,2026-08-25 17:39:09.288974+00,
8fe60795-2d18-47a1-a953-c0edb36efa9f,ffce980a-6090-482c-a11d-b7f969f696d7,dials,1,,2026-08-25 17:39:26.725273+00,
d8a407fb-08f0-45e2-b5c2-00841301872e,ffce980a-6090-482c-a11d-b7f969f696d7,dials,1,,2026-08-25 17:41:52.661376+00,
3982b4ba-9f52-4924-b3e0-88961eca65e9,8fb47a9e-f195-434b-b8ba-966b1d165761,dials,1,,2026-08-25 17:42:08.084554+00,
7046b22e-05c2-4ca5-8ed5-3f2172c6f5bd,8fb47a9e-f195-434b-b8ba-966b1d165761,gk_conv,1,,2026-08-25 17:42:09.112344+00,
07bf692f-578e-47eb-93ca-25c6d85f6125,aae56d6d-c3b8-444a-810e-d99c54b5e95c,dials,1,,2026-08-25 17:44:45.044623+00,
c019f8a5-1aca-4bd9-bb03-99b955139b94,aae56d6d-c3b8-444a-810e-d99c54b5e95c,vm,1,,2026-08-25 17:44:47.613224+00,
1b6c0f34-ef3f-43b3-9452-323c061fe50b,8fb47a9e-f195-434b-b8ba-966b1d165761,dials,1,,2026-08-25 17:45:17.242668+00,
9493ad63-c707-4b9b-ad2b-3f231dcb8b39,8fb47a9e-f195-434b-b8ba-966b1d165761,vm,1,,2026-08-25 17:45:18.786127+00,
6d0d1052-222c-474f-904a-54bd0c980c8f,8fb47a9e-f195-434b-b8ba-966b1d165761,dials,1,,2026-08-25 17:50:33.255767+00,
6fa62780-ad25-42e7-a635-9811a97f8a6e,8fb47a9e-f195-434b-b8ba-966b1d165761,vm,1,,2026-08-25 17:50:34.162463+00,
54cc7c76-e6fc-47f3-8a77-9e27e953b231,ffce980a-6090-482c-a11d-b7f969f696d7,dials,1,,2026-08-25 17:51:14.651536+00,
b80e948e-78b7-449e-946f-948373de23a3,aae56d6d-c3b8-444a-810e-d99c54b5e95c,dials,1,,2026-08-25 17:51:44.782092+00,
609a12d5-c040-458c-97cd-275748af83df,aae56d6d-c3b8-444a-810e-d99c54b5e95c,dm_conv,1,,2026-08-25 17:51:46.437559+00,
50ec24e3-85db-4691-986e-710748c9bda3,aae56d6d-c3b8-444a-810e-d99c54b5e95c,dials,1,,2026-08-25 17:53:42.219769+00,
8986eb70-3173-4df3-9a10-208590966139,8fb47a9e-f195-434b-b8ba-966b1d165761,dials,1,,2026-08-25 17:53:45.318672+00,
9a0218c0-47fa-4548-906b-ae12b79a601d,8fb47a9e-f195-434b-b8ba-966b1d165761,vm,1,,2026-08-25 17:53:46.082637+00,
52464ff2-9afe-4cd3-8fb4-35f7d766edfe,ffce980a-6090-482c-a11d-b7f969f696d7,dials,1,,2026-08-25 17:53:52.945768+00,
577e8d53-b2c3-4a45-884a-3e494486aa86,ffce980a-6090-482c-a11d-b7f969f696d7,gk_conv,1,,2026-08-25 17:54:06.34253+00,
0a9eeeef-98d3-4bec-8dd2-9fa41104ae1b,8fb47a9e-f195-434b-b8ba-966b1d165761,dials,1,,2026-08-25 17:56:01.983462+00,
c972a962-9096-4082-8d22-1fde9d98a8c0,8fb47a9e-f195-434b-b8ba-966b1d165761,vm,1,,2026-08-25 17:56:02.763944+00,
f8cd4d35-e0f5-4dd6-9720-32db3ab472a2,ffce980a-6090-482c-a11d-b7f969f696d7,dials,1,,2026-08-25 17:57:47.866262+00,
656cb943-b0d0-4b5e-85a4-f66a1d4acf3d,8fb47a9e-f195-434b-b8ba-966b1d165761,dials,1,,2026-08-25 17:58:17.039345+00,
8b88e564-fdd1-45f7-8cdf-7bf8860670dd,8fb47a9e-f195-434b-b8ba-966b1d165761,dials,1,,2026-08-25 17:58:17.168754+00,2026-08-25 17:58:17.95+00
1908f09d-ed3a-4e0f-b4c6-03a0be0f8d6e,8fb47a9e-f195-434b-b8ba-966b1d165761,gk_conv,1,,2026-08-25 17:58:18.7335+00,
688b0a6a-11ad-4a72-8e13-04cfded062d3,aae56d6d-c3b8-444a-810e-d99c54b5e95c,dials,1,,2026-08-25 17:59:13.361593+00,
a828ace0-4b03-4ea1-aa0d-baf580398c80,aae56d6d-c3b8-444a-810e-d99c54b5e95c,vm,1,,2026-08-25 17:59:19.255525+00,
58c77904-87d4-4edc-8bcc-db2a1f2d386c,8fb47a9e-f195-434b-b8ba-966b1d165761,dials,1,,2026-08-25 18:07:48.724328+00,
73dd5e41-3cc7-4109-bf49-975a355a1707,8fb47a9e-f195-434b-b8ba-966b1d165761,dm_conv,1,,2026-08-25 18:07:48.910495+00,
e9fd26d3-d25a-4ee0-abfa-360c4984ca3d,aae56d6d-c3b8-444a-810e-d99c54b5e95c,dials,1,,2026-08-25 18:10:14.93191+00,
1cf6a101-e459-4eb7-a964-8a9423e37441,8fb47a9e-f195-434b-b8ba-966b1d165761,dials,1,,2026-08-25 18:13:42.602709+00,
236d8c55-1941-41b7-a194-2081b35c0e90,8fb47a9e-f195-434b-b8ba-966b1d165761,vm,1,,2026-08-25 18:13:43.32067+00,
9aa97178-43ff-40cb-b645-97ff287fb5d1,ffce980a-6090-482c-a11d-b7f969f696d7,dials,1,,2026-08-25 18:14:50.867449+00,
9d8d4222-7a0c-459b-9e39-0a41f0737581,ffce980a-6090-482c-a11d-b7f969f696d7,gk_conv,1,,2026-08-25 18:14:51.503604+00,
e0bca08d-9bf7-453f-964a-453e93735177,aae56d6d-c3b8-444a-810e-d99c54b5e95c,dials,1,,2026-08-25 18:23:02.021186+00,
99e78566-aa0f-40cf-ab87-57b3f57c86e9,aae56d6d-c3b8-444a-810e-d99c54b5e95c,dm_conv,1,,2026-08-25 18:23:02.896218+00,
380c977b-b80a-4555-91d3-390946179322,aae56d6d-c3b8-444a-810e-d99c54b5e95c,gk_conv,1,,2026-08-25 18:23:08.784096+00,
5cb813f2-a73c-416f-b0f2-74da7208874e,aae56d6d-c3b8-444a-810e-d99c54b5e95c,dials,1,,2026-08-25 18:34:15.719369+00,
6679bdef-e477-4703-9aea-4058263c9a38,aae56d6d-c3b8-444a-810e-d99c54b5e95c,vm,1,,2026-08-25 18:34:15.904457+00,
124fbad0-1c32-4f4f-b90b-6c14616c1cfa,8fb47a9e-f195-434b-b8ba-966b1d165761,dials,1,,2026-08-25 18:38:33.440948+00,
065078eb-b69b-46bd-b6ac-bd6f979e4701,8fb47a9e-f195-434b-b8ba-966b1d165761,vm,1,,2026-08-25 18:38:35.39373+00,
b2877083-d5d8-44d9-926b-d654185c6b5c,8fb47a9e-f195-434b-b8ba-966b1d165761,dials,1,,2026-08-25 18:38:56.663981+00,
147599cd-59ac-4b64-9d13-08bc7d9cb71f,8fb47a9e-f195-434b-b8ba-966b1d165761,gk_conv,1,,2026-08-25 18:38:59.443586+00,
1e2d59a0-d78b-4143-ab0c-0949293a9150,8fb47a9e-f195-434b-b8ba-966b1d165761,dials,1,,2026-08-25 18:39:08.46053+00,
3bda578e-1c61-4eb2-902e-ec2a81be92cf,8fb47a9e-f195-434b-b8ba-966b1d165761,vm,1,,2026-08-25 18:39:09.334261+00,
aac7699f-f46b-4d8f-aa3a-c314cb42da1a,aae56d6d-c3b8-444a-810e-d99c54b5e95c,dials,1,,2026-08-25 18:41:35.698835+00,
b31c3bb7-aaf9-4cff-9aae-81082a376e71,aae56d6d-c3b8-444a-810e-d99c54b5e95c,vm,1,,2026-08-25 18:41:37.086311+00,
08b55845-171d-4237-ba07-603057081834,8fb47a9e-f195-434b-b8ba-966b1d165761,dials,1,,2026-08-25 18:42:59.98684+00,
38e53948-6a11-46e4-af77-34047c85e608,8fb47a9e-f195-434b-b8ba-966b1d165761,vm,1,,2026-08-25 18:43:01.455787+00,
62d717fa-4e38-4289-b641-3f7946662e19,aae56d6d-c3b8-444a-810e-d99c54b5e95c,dials,1,,2026-08-25 18:47:01.687895+00,
0cb19571-8ece-4b8b-acfb-1f4850e419a8,8fb47a9e-f195-434b-b8ba-966b1d165761,dials,1,,2026-08-25 18:51:22.155051+00,
255f9a90-efa6-417c-a0bc-863b54854a8a,8fb47a9e-f195-434b-b8ba-966b1d165761,gk_conv,1,,2026-08-25 18:51:22.890097+00,
5d9d9ddc-367e-4ec1-8cfc-4380ccbfd02e,8fb47a9e-f195-434b-b8ba-966b1d165761,dials,1,,2026-08-25 18:53:21.301905+00,
878062cc-8077-48b9-9431-9a0f979857a4,8fb47a9e-f195-434b-b8ba-966b1d165761,gk_conv,1,,2026-08-25 18:53:22.635954+00,
df501be3-2a95-41bf-9ca3-8ab5c4e58999,8fb47a9e-f195-434b-b8ba-966b1d165761,dials,1,,2026-08-25 18:56:54.542758+00,
69ec8411-1834-4a6c-9a78-14892ba78eca,8fb47a9e-f195-434b-b8ba-966b1d165761,vm,1,,2026-08-25 18:56:56.069651+00,
f0430e57-ffdc-4eef-9247-ec6025f8077a,aae56d6d-c3b8-444a-810e-d99c54b5e95c,dials,1,,2026-08-25 18:57:31.334593+00,
7dbded28-b69f-45f7-ae77-bff37212e177,aae56d6d-c3b8-444a-810e-d99c54b5e95c,gk_conv,1,,2026-08-25 18:57:34.37188+00,
22ee3868-14ff-4397-9d3b-c47553a3ac4c,aae56d6d-c3b8-444a-810e-d99c54b5e95c,vm,1,,2026-08-25 18:57:36.229556+00,
71481859-f183-4202-b420-10f64b52a4db,aae56d6d-c3b8-444a-810e-d99c54b5e95c,dials,1,,2026-08-25 19:03:32.154447+00,
f9185f86-a1af-486d-8d1f-33a8114442c7,8fb47a9e-f195-434b-b8ba-966b1d165761,dials,1,,2026-08-25 19:42:51.726212+00,
ea9f3bfd-1b20-4722-a6c4-94f91b785c24,ffce980a-6090-482c-a11d-b7f969f696d7,dials,1,,2026-08-25 19:43:12.817025+00,
fa7fe389-fcab-4e0b-a50c-a8f91aad9e69,8fb47a9e-f195-434b-b8ba-966b1d165761,dials,1,,2026-08-25 19:45:37.756098+00,
178733b3-60c9-4cf1-af13-faa94443461c,8fb47a9e-f195-434b-b8ba-966b1d165761,vm,1,,2026-08-25 19:45:38.798385+00,
f63197d1-5270-4285-abb8-d155e43fa6a1,aae56d6d-c3b8-444a-810e-d99c54b5e95c,dials,1,,2026-08-25 19:46:59.184758+00,
3f6d3053-ae70-44ca-83d8-97929f625f6c,aae56d6d-c3b8-444a-810e-d99c54b5e95c,dm_conv,1,,2026-08-25 19:46:59.754815+00,
9e28d12d-52a9-4ad3-87b3-bcce09e53cec,ffce980a-6090-482c-a11d-b7f969f696d7,dials,1,,2026-08-25 19:47:39.734799+00,
fad43d35-55f5-499c-b510-caa53b42b198,ffce980a-6090-482c-a11d-b7f969f696d7,dials,1,,2026-08-25 19:51:49.792892+00,
40873cd8-ce8f-4cb2-91b2-507be93b8dd0,8fb47a9e-f195-434b-b8ba-966b1d165761,dials,1,,2026-08-25 19:55:47.742702+00,
56f7c59c-aba7-4572-bb15-807b972ecfd9,8fb47a9e-f195-434b-b8ba-966b1d165761,vm,1,,2026-08-25 19:55:48.485637+00,
36031395-f971-44fa-8916-ba4168716376,aae56d6d-c3b8-444a-810e-d99c54b5e95c,dials,1,,2026-08-25 19:57:00.245111+00,
b5a43a33-4a2d-4030-a4cd-1b69a197618b,aae56d6d-c3b8-444a-810e-d99c54b5e95c,gk_conv,1,,2026-08-25 19:57:03.86653+00,
972bdcaf-ebca-44bc-8563-94704d090619,ffce980a-6090-482c-a11d-b7f969f696d7,dials,1,,2026-08-25 19:57:08.065877+00,
3026610a-97cb-4342-a9ec-7e9871f6cc24,ffce980a-6090-482c-a11d-b7f969f696d7,vm,1,,2026-08-25 19:57:08.839178+00,
d8034fe6-4d56-4c25-9a0d-9d89a1f3aa54,8fb47a9e-f195-434b-b8ba-966b1d165761,dials,1,,2026-08-25 19:59:33.072584+00,
8391d337-809c-47f8-b017-9dfb7dfcb1aa,8fb47a9e-f195-434b-b8ba-966b1d165761,vm,1,,2026-08-25 19:59:34.291756+00,
c9b15a10-11ce-4863-a071-132702bdf8d0,8fb47a9e-f195-434b-b8ba-966b1d165761,dials,1,,2026-08-25 20:00:32.438556+00,
cf11eb91-b615-421e-986b-fcb6692b0279,8fb47a9e-f195-434b-b8ba-966b1d165761,vm,1,,2026-08-25 20:00:33.669755+00,
cbd52b50-eafd-4155-a9eb-559a98f225ad,ffce980a-6090-482c-a11d-b7f969f696d7,dials,1,,2026-08-25 20:00:42.879775+00,
19b281fe-a7a9-4360-be70-9667001bbf2f,ffce980a-6090-482c-a11d-b7f969f696d7,dials,1,,2026-08-25 20:13:59.95738+00,
630f73d8-fd62-4b8c-854c-9e12ea8e6139,8fb47a9e-f195-434b-b8ba-966b1d165761,dials,1,,2026-08-25 20:17:45.829929+00,
ab712a7e-6d3d-4247-996f-711fbf14ffb4,ffce980a-6090-482c-a11d-b7f969f696d7,dials,1,,2026-08-25 20:18:59.158088+00,
84d1c2ee-478f-4ef1-90a8-207a59f660c7,ffce980a-6090-482c-a11d-b7f969f696d7,gk_conv,1,,2026-08-25 20:18:59.631755+00,
a2b024b1-0cdb-4a59-8ca8-37fad82207b0,8fb47a9e-f195-434b-b8ba-966b1d165761,disc,1,ce565d4b-bdbe-48a6-b5a1-5ce6872bf3c6,2026-08-25 20:20:06.187367+00,
3cbecc48-376c-4430-bec3-33af61d15c14,8fb47a9e-f195-434b-b8ba-966b1d165761,dials,1,,2026-08-25 20:21:35.718652+00,
c7a46526-d1ee-417f-9809-e85f02164ecc,8fb47a9e-f195-434b-b8ba-966b1d165761,dm_conv,1,,2026-08-25 20:21:37.52345+00,
1af50fcb-03fb-4c8f-a1e6-844caa3a9f87,8fb47a9e-f195-434b-b8ba-966b1d165761,dials,1,,2026-08-25 20:21:49.718354+00,
f6377959-fee6-4f6b-be8f-159931f0de07,8fb47a9e-f195-434b-b8ba-966b1d165761,vm,1,,2026-08-25 20:21:50.739654+00,
a6100ef3-9e93-4744-8941-bbdb94d3aa35,ffce980a-6090-482c-a11d-b7f969f696d7,dials,1,,2026-08-25 20:22:15.604979+00,
e9f6e383-2b65-42fe-895b-0205cebd0145,ffce980a-6090-482c-a11d-b7f969f696d7,vm,1,,2026-08-25 20:23:21.191669+00,
c2f3ee3e-65eb-41e2-956b-dea2aa5649f2,8fb47a9e-f195-434b-b8ba-966b1d165761,dials,1,,2026-08-25 20:29:02.237889+00,
1d473097-213c-46e9-b2ac-3f1782df8252,8fb47a9e-f195-434b-b8ba-966b1d165761,dm_conv,1,,2026-08-25 20:29:03.513794+00,
c39bf7fc-6b35-46cc-8213-3e3e0af26a42,ffce980a-6090-482c-a11d-b7f969f696d7,dials,1,,2026-08-25 20:32:08.709582+00,
66e4913f-cffa-4a09-9da0-7af4b29a9f43,8fb47a9e-f195-434b-b8ba-966b1d165761,dials,1,,2026-08-25 20:35:25.514+00,
76b49829-b158-458a-8d56-b1f79e20e765,8fb47a9e-f195-434b-b8ba-966b1d165761,dials,1,,2026-08-25 20:35:25.514+00,
4fdefa4b-a4a9-4b98-8672-1fdb0f2bead8,8fb47a9e-f195-434b-b8ba-966b1d165761,dials,1,,2026-08-25 20:35:25.514+00,
b1da5c44-b73a-441b-93c6-2331a4e03e16,8fb47a9e-f195-434b-b8ba-966b1d165761,dials,1,,2026-08-25 20:35:25.514+00,
df75904c-1de9-4548-a153-66e892186ab0,8fb47a9e-f195-434b-b8ba-966b1d165761,vm,1,,2026-08-25 20:35:25.514+00,
6b3069d6-24c3-41a1-a41c-0525e68e2aad,8fb47a9e-f195-434b-b8ba-966b1d165761,dials,1,,2026-08-25 20:35:25.514+00,
80801a06-d56b-4eb3-82af-6da2cd59a9f8,8fb47a9e-f195-434b-b8ba-966b1d165761,vm,1,,2026-08-25 20:35:25.514+00,
95caade9-526f-4f6d-a7ee-6397b9ebde9c,8fb47a9e-f195-434b-b8ba-966b1d165761,vm,1,,2026-08-25 20:35:25.514+00,
bc42b463-0c63-4dd5-84a2-15e987327b3c,8fb47a9e-f195-434b-b8ba-966b1d165761,vm,1,,2026-08-25 20:35:25.514+00,
06d16e3e-b772-43c8-9ba3-85e2fde8dac2,8fb47a9e-f195-434b-b8ba-966b1d165761,gk_conv,1,,2026-08-25 20:35:25.514+00,
10ff02e5-8735-4e85-9e86-b3e2c7747b25,8fb47a9e-f195-434b-b8ba-966b1d165761,dials,1,,2026-08-25 20:35:25.514+00,
6e8f2500-446b-47dc-af12-320a0cf4575f,8fb47a9e-f195-434b-b8ba-966b1d165761,dm_conv,1,,2026-08-25 20:35:25.514+00,
3a7f328b-8029-4e5b-8cd8-f0d5b70be4c3,8fb47a9e-f195-434b-b8ba-966b1d165761,vm,1,,2026-08-25 20:35:25.514+00,
3b4a64bc-0813-45a3-aa5d-c0892c4be222,8fb47a9e-f195-434b-b8ba-966b1d165761,vm,1,,2026-08-25 20:35:25.514+00,
e6299002-eba9-455b-9dde-50c65311ade9,8fb47a9e-f195-434b-b8ba-966b1d165761,dials,1,,2026-08-25 20:35:25.514+00,
301ae676-c0cb-4521-a536-7db242a94a95,8fb47a9e-f195-434b-b8ba-966b1d165761,dials,1,,2026-08-25 20:35:25.514+00,
aaca908b-6976-49aa-9900-34846389f7f3,8fb47a9e-f195-434b-b8ba-966b1d165761,dm_conv,1,,2026-08-25 20:35:25.514+00,
fe76b648-6be8-459f-a50f-eae19cd9493f,8fb47a9e-f195-434b-b8ba-966b1d165761,disc,1,,2026-08-25 20:35:25.514+00,2026-08-25 20:53:36.642+00
c7032968-d19a-4c0b-a753-8561c90c5f9d,aae56d6d-c3b8-444a-810e-d99c54b5e95c,disc,1,0726caeb-815c-4c82-93d9-9f5cc2ea6945,2026-08-25 20:38:25.541743+00,
f883d637-08f8-42d7-a584-c8ef49181683,ffce980a-6090-482c-a11d-b7f969f696d7,dials,1,,2026-08-25 20:44:27.676202+00,
b893efe6-8d4e-4c7d-93f0-4159199de21f,ffce980a-6090-482c-a11d-b7f969f696d7,dm_conv,1,,2026-08-25 20:44:28.360695+00,
a9338ae7-86e5-43b5-878b-89171968f49b,8fb47a9e-f195-434b-b8ba-966b1d165761,dials,1,,2026-08-25 20:45:40.290766+00,
8076246d-169e-49b8-aa87-6dc3779de354,aae56d6d-c3b8-444a-810e-d99c54b5e95c,dials,1,,2026-08-25 20:45:54.897501+00,
7e3d8ed9-79b6-4c01-9253-e4cf6f32bd84,aae56d6d-c3b8-444a-810e-d99c54b5e95c,vm,1,,2026-08-25 20:45:56.358719+00,
4633eb09-cbf4-4d80-9cbf-ec5612fbf2e0,ffce980a-6090-482c-a11d-b7f969f696d7,disc,1,4e4289e5-855e-42b5-a004-66935f8de433,2026-08-25 20:47:38.727832+00,
2bf9fe5b-df9f-42ab-9fb3-54c25fc4e65e,8fb47a9e-f195-434b-b8ba-966b1d165761,dials,1,,2026-08-25 21:01:39.390547+00,
4fa030d6-9033-4029-a477-ce43d95685b0,8fb47a9e-f195-434b-b8ba-966b1d165761,gk_conv,1,,2026-08-25 21:03:04.333966+00,
