id,rep_id,company_name,activity_type,scheduled_date,intent,status,reschedule_count,created_at,monthly_price,deleted_at
005bdc5c-0f77-49c3-971c-2f1c2d26674e,ffce980a-6090-482c-a11d-b7f969f696d7,The Biglieri Group,disc,1782086400000,medium,attended,0,1781108796274,,
c1eb7ea4-49fc-4e9e-8543-630750c9ea2c,ffce980a-6090-482c-a11d-b7f969f696d7,CSM Electrical,disc,1784678400000,medium,attended,2,1781192736584,,
404c5e80-927b-4c51-ac1a-8e4e76ca9f5c,ffce980a-6090-482c-a11d-b7f969f696d7,Urban Life Solutions (Forest Ridge Landscaping),disc,1781654400000,medium,no_show,0,1780950923478,,
ac26bbff-f705-4b5d-9e4a-1f35a0629d3d,c6632466-befd-416f-abea-f0cfaa311ae1,Structural Truss Systems,disc,1782086400000,medium,attended,1,1781021827213,,
bff33554-8b47-4f7b-baa5-c80d9f599d34,c6632466-befd-416f-abea-f0cfaa311ae1,Reinbold Engineering,disc,1781049600000,low,no_show,0,1781025185594,,
4e56e520-6f81-4585-b7a4-dd16d6a29d3e,c6632466-befd-416f-abea-f0cfaa311ae1,T.I. Studios,disc,1780963200000,high,attended,0,1781021862922,,
6b2a9462-f696-4b36-9063-ea6a8248aacf,c6632466-befd-416f-abea-f0cfaa311ae1,T.I. Studios,demo,1782172800000,high,attended,0,1781026727389,,
bcc3f71f-5e4f-4523-8fd6-355555005c2f,ffce980a-6090-482c-a11d-b7f969f696d7,Heron Hydrologic,demo,1781827200000,medium,attended,0,1782402142503,,
317cb8de-857a-4bff-9da8-1a89aa4266f4,ffce980a-6090-482c-a11d-b7f969f696d7,Deltoid Consulting,disc,1780876800000,medium,attended,0,1780926640003,,
892b0236-8331-40ac-b76d-b6275fe6557c,4c31f12c-52dd-45e7-aa2b-6a0e78e70055,EVB Engineering,demo,1782345600000,high,no_show,0,1781022859794,,
27fe7d84-91cb-43b1-91ce-1510bf8fd5c8,c6632466-befd-416f-abea-f0cfaa311ae1,Jost Architects,disc,1780876800000,high,attended,0,1780925656896,,
d5d5a50d-0da3-4365-81da-d834d62972d1,c6632466-befd-416f-abea-f0cfaa311ae1,FWBA Architects,disc,1780876800000,high,attended,0,1780933922707,,
be968f33-a151-4a15-9b98-de76b60e1d1c,c6632466-befd-416f-abea-f0cfaa311ae1,On Side Restoration,disc,1782345600000,high,attended,1,1781017083512,,
cbeda29a-9bd4-414f-8c3f-33a45b797125,ffce980a-6090-482c-a11d-b7f969f696d7,A& Architects,disc,1782432000000,high,attended,0,1782230466651,,
8a4bd2cc-269c-4118-a14c-da445e0ed8d7,ffce980a-6090-482c-a11d-b7f969f696d7,Idea Design,demo,1784851200000,high,attended,0,1784818756587,,
eaf6a21f-f303-44cc-ac8b-8551c3640faf,c6632466-befd-416f-abea-f0cfaa311ae1,MJMA,disc,1780963200000,low,no_show,0,1781015214347,,
df8ce9b4-02ad-4886-9edf-a68c88669174,ffce980a-6090-482c-a11d-b7f969f696d7,C&B Maintenance Corp.,disc,1782691200000,low,no_show,1,1781025648351,,
c4646033-2282-4d41-a8aa-70e3fa4cec4c,c6632466-befd-416f-abea-f0cfaa311ae1,Adero,disc,1785369600000,medium,no_show,0,1784826229646,,
ac4b397b-d565-488c-9f7b-d36dbbec0e82,4c31f12c-52dd-45e7-aa2b-6a0e78e70055,Turner Drake & Partners Ltd.,disc,1782777600000,medium,no_show,0,1782319124800,,
cfa030ac-d7d0-4b3e-ad06-80f0bc525a30,c6632466-befd-416f-abea-f0cfaa311ae1,Scatliff Miller Murray,disc,1781049600000,medium,no_show,0,1781038486631,,
14aafa9a-2173-439a-8baf-164d40f6cc35,ffce980a-6090-482c-a11d-b7f969f696d7,ADOR CAN INC.,disc,1782777600000,low,no_show,0,1782315052915,,
e3aaf9a7-f089-46ba-ae01-2488b459623c,ffce980a-6090-482c-a11d-b7f969f696d7,Johnston Davidson Architecture & Planning,disc,1782777600000,high,no_show,1,1782237602490,,
4a6b688d-e656-4b68-a576-70545a4618ec,c6632466-befd-416f-abea-f0cfaa311ae1,Gordon Busch Inc.,disc,1782950400000,medium,no_show,1,1782142847026,,
c7083d7a-871d-4477-a70c-9c7a61af60cf,ffce980a-6090-482c-a11d-b7f969f696d7,Alaimo Architecture Inc.,disc,1783036800000,medium,no_show,0,1782405848988,,
6a2bf338-a6c7-42ca-9c9f-ecd34021a2ec,c6632466-befd-416f-abea-f0cfaa311ae1,Proscenium Architecture,disc,1781049600000,low,no_show,0,1781099355078,,
7ae4fa1d-8c65-4cef-983d-e29e580c83b3,c6632466-befd-416f-abea-f0cfaa311ae1,Fast + Epp,disc,1780963200000,high,attended,1,1780939539105,,
3d55282e-d414-4b8c-8108-7fba245f469f,ffce980a-6090-482c-a11d-b7f969f696d7,DPAI Architecture Inc.,disc,1783036800000,high,attended,0,1782419760074,,
6c9f0119-c74c-46c4-be06-0caa3d8054a3,4c31f12c-52dd-45e7-aa2b-6a0e78e70055,Struct-Construction,disc,1783382400000,low,no_show,0,1782319071980,,
3cfe1113-bc6c-460b-9505-4c674dec0db2,ffce980a-6090-482c-a11d-b7f969f696d7,Zedd Architecture Inc,disc,1783382400000,high,attended,0,1782402367444,,
5ec7fe03-d20d-494a-be05-f39e6490c64a,c6632466-befd-416f-abea-f0cfaa311ae1,Creative Seating Solutions,disc,1783468800000,medium,no_show,2,1781015233237,,
826a9863-ebe5-4063-82bc-16d7888324a1,4c31f12c-52dd-45e7-aa2b-6a0e78e70055,RAM Engineering Ltd.,disc,1783468800000,medium,attended,0,1782326894047,,
2ff74654-5c64-4acc-a24f-3c630d07a437,ffce980a-6090-482c-a11d-b7f969f696d7,Century Group Inc.,disc,1783641600000,low,attended,0,1782326557137,,
7c130061-0b64-476f-91b5-1bfbfa7826e8,4c31f12c-52dd-45e7-aa2b-6a0e78e70055,Studio VMA Inc,demo,1783555200000,high,attended,2,1782401849246,,
4eefbd14-4170-43cd-b2c7-94cc56f69182,c6632466-befd-416f-abea-f0cfaa311ae1,Prism Engineering,demo,1781740800000,high,attended,0,1781120209368,,
7f40b198-636c-4dda-b4d5-dbe693c55d4f,c6632466-befd-416f-abea-f0cfaa311ae1,Structural Truss Systems,demo,1782777600000,medium,attended,0,1782221429731,,
937571f6-ae75-4c03-8e5b-44ee7687c9e9,c6632466-befd-416f-abea-f0cfaa311ae1,Prism Engineering,disc,1781049600000,high,attended,0,1781099780079,,
456b4a16-291f-4a96-baad-ffbfaf689dfb,c6632466-befd-416f-abea-f0cfaa311ae1,Iron Dog,disc,1786665600000,high,no_show,1,1785171483601,,
6077e0e2-7dec-4ea0-b056-8edb8754e658,c6632466-befd-416f-abea-f0cfaa311ae1,Resource Planning Group Inc.,disc,1781049600000,medium,attended,1,1781099929794,,
6116103b-1661-4cab-99ba-515fe376937e,c6632466-befd-416f-abea-f0cfaa311ae1,Lui's Cement,demo,1781136000000,high,attended,2,1780925619620,,
558c8166-67c8-4a59-903e-fb07967de2a0,c6632466-befd-416f-abea-f0cfaa311ae1,Teeple Architects,disc,1781136000000,medium,attended,1,1780940632236,,
e632c066-ebb9-4e5a-bdfb-634294f32b53,c6632466-befd-416f-abea-f0cfaa311ae1,Vosh A,disc,1781136000000,low,attended,0,1781196149431,,
bd19a901-e14f-40b5-83fc-32b16757f995,c6632466-befd-416f-abea-f0cfaa311ae1,Vosh Architects,disc,1781049600000,low,attended,0,1781196075111,,
0b4190e2-2aa0-427c-9491-6a4b3fc1f113,c6632466-befd-416f-abea-f0cfaa311ae1,FWBA Architects,demo,1781136000000,high,attended,0,1781012113713,,
cf013f36-6b90-4936-95f4-d54770fd248a,ffce980a-6090-482c-a11d-b7f969f696d7,HKLA,disc,1780963200000,medium,attended,0,1781014353147,,
7f2e623d-309f-49ce-a515-1c3996ac1b1f,ffce980a-6090-482c-a11d-b7f969f696d7,Deltoid Consulting,demo,1780876800000,high,attended,0,1780943211631,,
1398a11b-6438-4de1-bb2a-9f4e019e2993,c6632466-befd-416f-abea-f0cfaa311ae1,Akron Engineering,disc,1781481600000,low,no_show,1,1781100015471,,
dbf8d7a3-6146-4714-8d04-9f897eaf6270,c6632466-befd-416f-abea-f0cfaa311ae1,Jost Architects,demo,1781481600000,high,attended,0,1780946711223,,
bb8afeb8-7ac6-4c51-84e4-1837f3752b01,c6632466-befd-416f-abea-f0cfaa311ae1,Resource Planning Group Inc.,demo,1781481600000,high,attended,0,1781124325543,,
41100dae-d649-4056-93d3-401c67cab389,c6632466-befd-416f-abea-f0cfaa311ae1,KPMB Architects,disc,1781654400000,low,no_show,0,1781119921657,,
149aa50a-882c-4821-a0f3-ee4e0506c967,c6632466-befd-416f-abea-f0cfaa311ae1,Kearns Mancini Architects Inc. Supplier,disc,1781654400000,medium,attended,0,1781032712092,,
99ff7012-feba-4255-9bde-76a70c9f046f,c6632466-befd-416f-abea-f0cfaa311ae1,HH Angus,disc,1781740800000,medium,no_show,0,1781114704275,,
13544bec-1883-4cc3-87b9-df4827afafce,4c31f12c-52dd-45e7-aa2b-6a0e78e70055,Nadine International,demo,1780876800000,high,no_show,0,1780925804884,,
68ea9c5c-b169-41db-91c4-161eba849ac8,4c31f12c-52dd-45e7-aa2b-6a0e78e70055,Strasman,disc,1780876800000,high,no_show,0,1780925833855,,
79eb19ad-c645-41fc-875c-4e77d17838f1,4c31f12c-52dd-45e7-aa2b-6a0e78e70055,EVB Engineering,disc,1780963200000,low,attended,0,1780926198838,,
24d04178-6c81-47c2-9adb-c6d7dabdc3d2,c6632466-befd-416f-abea-f0cfaa311ae1,CVL Engineers,disc,1781136000000,medium,no_show,0,1781196193586,,
e8e2bcb1-339c-425d-a534-08eac9225a50,ffce980a-6090-482c-a11d-b7f969f696d7,BLDG Sci Advisory,demo,1782086400000,high,attended,0,1782146021068,,
896d9efe-a75d-4056-8697-12f2da9e61ac,4c31f12c-52dd-45e7-aa2b-6a0e78e70055,The Planning Partnership,demo,1788566400000,medium,scheduled,1,1782404461293,,
ff0f55cc-e205-4702-84c2-8b27c8e27928,ffce980a-6090-482c-a11d-b7f969f696d7,ACE Solutions,demo,1782086400000,medium,attended,0,1782146218965,,
08a4fbe7-ef1e-4710-99b6-a709a8d408e9,ffce980a-6090-482c-a11d-b7f969f696d7,Catterall & Wright,demo,1781740800000,medium,attended,0,1781545485443,,
67b24912-49d8-4113-89eb-70256c9a3fdf,c6632466-befd-416f-abea-f0cfaa311ae1,TWS Engineering,disc,1781136000000,high,attended,0,1781203655825,,
09b08de4-b670-470e-9678-61374835a3cf,ffce980a-6090-482c-a11d-b7f969f696d7,Blastek Engineering Group,disc,1781654400000,high,attended,0,1781629887273,,
40c0f2cb-8d19-42c3-8972-025c437f3eab,4c31f12c-52dd-45e7-aa2b-6a0e78e70055,Earthscape,disc,1788825600000,low,scheduled,0,1784657592152,,
252afa4e-bb94-41e3-b11f-d8cd7a417881,ffce980a-6090-482c-a11d-b7f969f696d7,Canadian Engineering Group (CE),disc,1782172800000,medium,no_show,0,1781721309457,,
917f5fd5-5d57-4304-bfc5-cb7edd4406e0,ffce980a-6090-482c-a11d-b7f969f696d7,Facility Risk Solutions,demo,1782172800000,medium,attended,0,1781552741180,,
4c09932a-7d19-41f3-9123-a9440a5db055,ffce980a-6090-482c-a11d-b7f969f696d7,Malcolm Excavating,disc,1782172800000,low,no_show,0,1781536833180,,
8af0f030-47d1-499a-8170-1f8550cecdd5,c6632466-befd-416f-abea-f0cfaa311ae1,Diamond and Schmitt Architects,disc,1782172800000,low,attended,0,1781535860257,,
6e19dea2-7bfc-43e2-8803-de5eb788476c,4c31f12c-52dd-45e7-aa2b-6a0e78e70055,Keewatin-Aski Ltd,demo,1789430400000,medium,scheduled,0,1784657811752,,
aa2d41cb-4561-4037-b07c-9899f62ef071,ffce980a-6090-482c-a11d-b7f969f696d7,GOW Group,disc,1782259200000,low,no_show,0,1782146302662,,
9f971e00-6e01-4a9d-829f-a7cbc115a211,c6632466-befd-416f-abea-f0cfaa311ae1,CAP Engineering,disc,1784764800000,medium,no_show,2,1782769163790,,
79707b97-fd18-4810-9892-be984aa677ae,ffce980a-6090-482c-a11d-b7f969f696d7,IVAN S FRANKO ARCHITECT,disc,1784851200000,low,no_show,1,1784230243802,,
792f59f2-25b2-4560-aa23-36dfb10d7947,c6632466-befd-416f-abea-f0cfaa311ae1,Kearns Mancini Architects Inc. Supplier,demo,1782259200000,high,attended,0,1781706302448,,
a1c84d97-6e4d-4447-8971-416649a2f8be,ffce980a-6090-482c-a11d-b7f969f696d7,Beacon Environmental,disc,1784851200000,low,no_show,0,1784213407688,,
777f8ebb-8651-4593-bd42-ac103831eeaa,ffce980a-6090-482c-a11d-b7f969f696d7,Catterall & Wright,disc,1781481600000,medium,attended,0,1781534838801,,
a7a0b7d8-4887-4138-95be-afe8d9ec9d24,ffce980a-6090-482c-a11d-b7f969f696d7,Facility Risk Solutions,disc,1781481600000,medium,attended,0,1781534869389,,
989534ec-9642-48d6-ac96-31a661d9ca1c,ffce980a-6090-482c-a11d-b7f969f696d7,The Biglieri Group,demo,1782345600000,medium,attended,0,1782156338409,,
15964ff5-4c08-48f3-b1a9-a961a54a7ef5,ffce980a-6090-482c-a11d-b7f969f696d7,Organica Studio,disc,1781481600000,medium,attended,0,1781534939480,,
fd889dbb-fc70-4314-a1a9-2d3a370914b4,c6632466-befd-416f-abea-f0cfaa311ae1,Lees + Associates,demo,1781481600000,high,attended,0,1781558284658,,
a2f7a22d-74c5-46ac-b9d4-9956807682bd,c6632466-befd-416f-abea-f0cfaa311ae1,KPMB Architects,disc,1781827200000,low,no_show,0,1781620332665,,
0281e367-8066-4342-a835-8b888672d795,c6632466-befd-416f-abea-f0cfaa311ae1,Acton Ostry Architects,disc,1781740800000,low,no_show,0,1781293831596,,
86f0707f-b1e3-4ffb-863c-440dbe87869b,ffce980a-6090-482c-a11d-b7f969f696d7,Landmark Structures,disc,1781568000000,high,attended,0,1781629958329,,
3e5f51df-2480-45ff-8055-dd38382aa8dd,4c31f12c-52dd-45e7-aa2b-6a0e78e70055,Zehr Group,disc,1787184000000,high,no_show,0,1785179886038,,
9f9548ae-ffd6-4f4d-bbad-10be474452f3,c6632466-befd-416f-abea-f0cfaa311ae1,Two Row Architect,disc,1781568000000,medium,attended,0,1781630913341,,
cd9b241d-bbdd-4a73-a233-01523bb6dafc,ffce980a-6090-482c-a11d-b7f969f696d7,Algal Engineering,disc,1782432000000,medium,no_show,0,1781545907160,,
9365613f-3b76-44ad-80be-6f54b82aec5a,c6632466-befd-416f-abea-f0cfaa311ae1,Novation Architecture,disc,1783468800000,medium,attended,1,1782330214546,,
d530c828-261b-410e-934d-57c14499a876,c6632466-befd-416f-abea-f0cfaa311ae1,Knappet Industries,disc,1781568000000,medium,no_show,0,1781631948477,,
935937c5-61e3-4965-9b08-300a37485930,c6632466-befd-416f-abea-f0cfaa311ae1,Fast + Epp,demo,1781568000000,medium,attended,0,1781637518139,,
4b2167f1-ac31-4297-a59d-277eb303656a,c6632466-befd-416f-abea-f0cfaa311ae1,CS&P Architects,demo,1782432000000,medium,attended,0,1782507869559,,
94c11b84-5eea-4e2d-a81c-f1cb222783ca,ffce980a-6090-482c-a11d-b7f969f696d7,Landmark Structures,demo,1782691200000,high,no_show,3,1781629975989,,
f6008e6b-6603-4d30-9042-6fff6fc967e7,ffce980a-6090-482c-a11d-b7f969f696d7,Symbolics Architecture + Design Inc.,disc,1782691200000,medium,no_show,0,1782231431664,,
eb80dcb2-867c-4c03-afa1-76c53142cbf4,ffce980a-6090-482c-a11d-b7f969f696d7,BLDG Sci Advisory,disc,1781654400000,high,attended,0,1781714200198,,
2c7b33b8-6e83-4384-8bf3-6a3bf34bdbd2,ffce980a-6090-482c-a11d-b7f969f696d7,S2S Environmental,disc,1782259200000,medium,no_show,0,1781534754085,,
12abf708-49f8-48e6-acae-04c23a697218,c6632466-befd-416f-abea-f0cfaa311ae1,TWS Engineering,demo,1781740800000,high,attended,0,1781203679170,,
18be8bc8-f94d-4748-8e24-1fdfccd1616d,ffce980a-6090-482c-a11d-b7f969f696d7,ACE Solutions,disc,1781827200000,low,attended,0,1781626302495,,
f27c4a30-60af-4d92-bcd8-3d6dd8301ea4,ffce980a-6090-482c-a11d-b7f969f696d7,Organica Studio,demo,1787702400000,medium,attended,1,1781555794149,,
db739157-9b1f-4fb7-afa3-97d383fbb27a,ffce980a-6090-482c-a11d-b7f969f696d7,Vector Electric,disc,1781827200000,low,no_show,0,1781550798356,,
05a38671-2916-4369-98c7-f702afea99a2,ffce980a-6090-482c-a11d-b7f969f696d7,HKLA,demo,1781827200000,medium,no_show,0,1781545778611,,
25b90dcd-d033-461d-9ca2-ea18d7f9d9bc,ffce980a-6090-482c-a11d-b7f969f696d7,Heron Hydrologic,disc,1781827200000,medium,attended,0,1781276763583,,
d1fc3ece-b758-4836-acd7-90f05788b53d,4c31f12c-52dd-45e7-aa2b-6a0e78e70055,Lui's Cement,demo,1781136000000,high,attended,0,1781198518347,,
698cafd5-7238-4da6-adaf-c664f4c6efa5,4c31f12c-52dd-45e7-aa2b-6a0e78e70055,Caliber Sport Systems Inc.,demo,1782777600000,high,attended,0,1782316073890,,
0c532a10-b0fc-4e0d-b03c-e50ea68c6346,4c31f12c-52dd-45e7-aa2b-6a0e78e70055,Gow Hasting,demo,1782777600000,medium,attended,0,1782754208540,,
37fe47cf-a78a-4e68-8a61-32d42ce8c1da,ffce980a-6090-482c-a11d-b7f969f696d7,Kevorkian Architecture Inc.,disc,1783036800000,low,attended,0,1782754165341,,
745b9b5f-c8f0-42b2-9060-a10802014376,ffce980a-6090-482c-a11d-b7f969f696d7,Context Research Group,demo,1783036800000,high,attended,0,1782770179400,,
825a5ada-7d26-41b9-bc96-edcbd473059d,ffce980a-6090-482c-a11d-b7f969f696d7,Bennett Design Associates Inc.,disc,1783555200000,medium,attended,1,1782320594616,,
7000df22-c71e-44d6-b8f1-44b65e32893d,c6632466-befd-416f-abea-f0cfaa311ae1,LM Architectural Group,disc,1783555200000,medium,attended,0,1782330145642,,
88d58842-110a-4b91-be1d-c796c29db668,4c31f12c-52dd-45e7-aa2b-6a0e78e70055,S Young Enterprises Ltd,disc,1783641600000,high,attended,0,1782846335538,,
dc4b77ee-0605-4ac1-b6c3-709f0edba007,c6632466-befd-416f-abea-f0cfaa311ae1,Vosh Architects,demo,1781481600000,high,attended,0,1781196182763,,
e929b82c-3848-4b08-9739-fd1024bfb959,ffce980a-6090-482c-a11d-b7f969f696d7,3rdLine Studio,disc,1783987200000,medium,attended,1,1782486952611,,
cc7208aa-60a8-4dda-b657-4715e21373f3,c6632466-befd-416f-abea-f0cfaa311ae1,JR Cousins Consultants,disc,1784160000000,medium,no_show,0,1782330167341,,
c51959f5-5f37-4629-851b-3f750192cc88,ffce980a-6090-482c-a11d-b7f969f696d7,Idea Design,disc,1784073600000,medium,attended,0,1782839250467,,
5116bcdd-bc66-4320-b4db-b3dd26c6347f,c6632466-befd-416f-abea-f0cfaa311ae1,CS&P Architects,disc,1781654400000,medium,attended,0,1781637617887,,
e299ac66-f619-46c2-a87c-f2dda3518edd,4c31f12c-52dd-45e7-aa2b-6a0e78e70055,Mulvey & Banani International Inc.,disc,1782086400000,medium,no_show,0,1781533612269,,
1c4d9ad6-ec75-46ef-a7ae-89240ef9b1e3,4c31f12c-52dd-45e7-aa2b-6a0e78e70055,Invizij Architects Inc.,disc,1782086400000,high,attended,0,1781534497322,,
0c1a50ab-17f8-400b-9a27-e6a3acbd9b5a,4c31f12c-52dd-45e7-aa2b-6a0e78e70055,WNDR Architecture + Design Inc.,disc,1784160000000,low,attended,0,1782324766249,,
ee863d8d-b6f2-4f5f-93a6-2bebc3800a72,c6632466-befd-416f-abea-f0cfaa311ae1,Robertson Martin Architects,disc,1782086400000,medium,no_show,1,1781728139744,,
e3da6935-efdb-4a03-aa8f-eeb7a13360fb,ffce980a-6090-482c-a11d-b7f969f696d7,RDH Architecture,disc,1781740800000,medium,attended,0,1781799233337,,
f6409e6f-2eea-4b31-a019-b6e297e63196,4c31f12c-52dd-45e7-aa2b-6a0e78e70055,Designperkz,disc,1784764800000,low,no_show,1,1782848604173,,
dcd44d1a-2ac1-4670-bcb2-c2633fa167fa,4c31f12c-52dd-45e7-aa2b-6a0e78e70055,SPD Sales Limited,demo,1784246400000,low,no_show,1,1782416101723,,
eece90f4-48fd-402c-babc-28c75b5a98e7,4c31f12c-52dd-45e7-aa2b-6a0e78e70055,Monumental Projects,disc,1788825600000,low,scheduled,1,1784214132054,,
a0730780-ed41-47ef-8dea-cbd3c1c631dc,4c31f12c-52dd-45e7-aa2b-6a0e78e70055,BlueGreen Architecture,disc,1781049600000,low,no_show,0,1781097146876,,
3ae61427-ac83-482d-a2da-bb4c9d94fa45,4c31f12c-52dd-45e7-aa2b-6a0e78e70055,Square Vis,disc,1781049600000,medium,attended,0,1781097166412,,
9485d76b-eb1c-4f8c-b204-364c63f736a8,4c31f12c-52dd-45e7-aa2b-6a0e78e70055,The Planning Partnership,disc,1781222400000,high,attended,1,1780926108522,,
7ae6bcb9-f35d-4f14-a68f-239f14d89fb9,4c31f12c-52dd-45e7-aa2b-6a0e78e70055,A&E,disc,1781568000000,medium,attended,0,1781112086892,,
aa5a2a0d-35f4-4501-98e8-3845d1d6ab4e,4c31f12c-52dd-45e7-aa2b-6a0e78e70055,Francl Architecture Inc.,disc,1781568000000,medium,no_show,1,1781097191919,,
b3f1bc3e-78d4-4e0b-8614-def7a6f98b4d,4c31f12c-52dd-45e7-aa2b-6a0e78e70055,Pryco Global Inc,disc,1781654400000,high,no_show,0,1780941385331,,
7bcdbb70-96a5-449a-b13e-a5a51e765949,4c31f12c-52dd-45e7-aa2b-6a0e78e70055,SQM JANITORIAL SERVICES INC.,disc,1781654400000,high,no_show,0,1780943068233,,
24eda709-ac7e-4921-8051-b34794a1c822,4c31f12c-52dd-45e7-aa2b-6a0e78e70055,LGA Architectural Partners,disc,1781654400000,high,attended,0,1781031758057,,
3a5aad35-0d4d-433e-962f-c796c5293a34,4c31f12c-52dd-45e7-aa2b-6a0e78e70055,KNYMH,disc,1781740800000,medium,no_show,0,1781018460050,,
42fa8ed7-bf60-4e8d-896f-104f3b54616e,4c31f12c-52dd-45e7-aa2b-6a0e78e70055,DC Architecture,disc,1781136000000,medium,attended,0,1781199183432,,
cdaaa6cc-9ac5-499d-b00a-8badccc2e64c,4c31f12c-52dd-45e7-aa2b-6a0e78e70055,Mayhew,disc,1781222400000,medium,no_show,0,1781284484797,,
ebf612ac-a7f9-4ce9-a39a-dd84f2b3675a,4c31f12c-52dd-45e7-aa2b-6a0e78e70055,Rockwell,disc,1781222400000,medium,no_show,0,1781284491681,,
0adee487-dac3-4df0-bb5d-ce1cc17c6693,4c31f12c-52dd-45e7-aa2b-6a0e78e70055,Thinc Space,disc,1781222400000,medium,attended,0,1781284505448,,
afa9b4f7-076b-405c-b3ca-efc75a4ea6c6,4c31f12c-52dd-45e7-aa2b-6a0e78e70055,Tony Osborn Architecture,disc,1781222400000,medium,attended,0,1781289414840,,
1942444a-46f7-4187-8380-ceb50249474a,4c31f12c-52dd-45e7-aa2b-6a0e78e70055,Toms+McNally Design Inc.,demo,1781222400000,high,attended,0,1781295762608,,
65d08792-9e7a-4d18-a6f5-ef53359996cb,4c31f12c-52dd-45e7-aa2b-6a0e78e70055,DC Architecture,demo,1781568000000,medium,attended,0,1781199200829,,
ece546b2-6b1a-4aa0-8d63-6a229530bb59,4c31f12c-52dd-45e7-aa2b-6a0e78e70055,RenoKrew,disc,1786492800000,low,no_show,0,1785344450811,,
03f8277c-beaf-4310-9fe9-27cfa66e74ca,c6632466-befd-416f-abea-f0cfaa311ae1,Wildstone,disc,1786492800000,medium,attended,0,1785180625708,,
b15568cc-e621-4b52-b4fd-9414f5d0a20c,4c31f12c-52dd-45e7-aa2b-6a0e78e70055,Square Vis,demo,1781654400000,high,attended,0,1781713697024,,
eba13aed-094a-400c-a5d4-22d4475a26b5,4c31f12c-52dd-45e7-aa2b-6a0e78e70055,A&E,demo,1781740800000,medium,attended,0,1781632557542,,
bbcc9913-2d57-48c2-9be9-31375baf991f,4c31f12c-52dd-45e7-aa2b-6a0e78e70055,Stevensville Lawn Service Inc.,disc,1793664000000,low,scheduled,0,1781795538737,,
ff931b86-886e-4596-891a-6bd56d2cdd15,c6632466-befd-416f-abea-f0cfaa311ae1,Ledcor,disc,1787184000000,medium,attended,2,1785179735996,,
b7e862dd-847f-4575-b768-340b19743dab,4c31f12c-52dd-45e7-aa2b-6a0e78e70055,Studio 710 Architecture Ltd.,disc,1782172800000,medium,no_show,0,1781291638626,,
c159911e-93f7-4c9e-bc9d-3e1d565c5dfa,4c31f12c-52dd-45e7-aa2b-6a0e78e70055,architects Tillmann Ruth Robinson inc.,disc,1782259200000,medium,attended,0,1782147484408,,
7fd8c9c6-b0b1-42f2-ae92-44b884844bee,4c31f12c-52dd-45e7-aa2b-6a0e78e70055,Caliber Sport Systems Inc.,disc,1782259200000,high,attended,0,1781885622950,,
d1b7a0b5-6196-4e33-baaa-cd1ca1e7f8cf,4c31f12c-52dd-45e7-aa2b-6a0e78e70055,Studio VMA Inc,disc,1782345600000,medium,attended,0,1781536765807,,
b77049c0-b285-47e2-bcfa-22f929c1ff2f,4c31f12c-52dd-45e7-aa2b-6a0e78e70055,G architects,disc,1782345600000,medium,no_show,0,1781535294087,,
c40268f1-ddde-44fc-aa8f-bc90a1b866b6,4c31f12c-52dd-45e7-aa2b-6a0e78e70055,Accent Building Sciences Inc.,disc,1782345600000,medium,attended,0,1781282880379,,
067cd38c-b0f1-4fb7-9184-c8dde88f5059,4c31f12c-52dd-45e7-aa2b-6a0e78e70055,SPD Sales Limited,disc,1782345600000,medium,attended,1,1781636920150,,
67db82f6-e188-4b37-8c66-0328c44b3372,c6632466-befd-416f-abea-f0cfaa311ae1,BPA,disc,1782432000000,high,no_show,0,1781887188816,,
7ddc1fb3-eca7-4aab-8dda-a24afdff877a,4c31f12c-52dd-45e7-aa2b-6a0e78e70055,Gow Hasting,disc,1782691200000,medium,attended,0,1782227979330,,
ce33a046-d293-463f-bc17-73b996dbb587,4c31f12c-52dd-45e7-aa2b-6a0e78e70055,Invizij,demo,1782691200000,medium,attended,0,1782744691300,,
a372f0ec-83c7-455c-b089-155cac6116f9,ffce980a-6090-482c-a11d-b7f969f696d7,Context Research Group,disc,1782691200000,high,attended,0,1782241571556,,
cbddac53-d912-4feb-85d9-516288bf667f,ffce980a-6090-482c-a11d-b7f969f696d7,RDH Architecture,demo,1782777600000,high,attended,0,1782405794166,,
752cd07c-e054-49e6-88b8-6332f5e725bc,4c31f12c-52dd-45e7-aa2b-6a0e78e70055,Central Civil Solutions Inc.,disc,1782777600000,medium,no_show,0,1782233522345,,
07ea58cd-b0b6-4768-80a7-0f41b9c9fdd4,4c31f12c-52dd-45e7-aa2b-6a0e78e70055,Nabolsy Contracting,disc,1783036800000,medium,no_show,1,1781880392705,,
58c09c24-c504-4e91-92ba-209657c28b73,ffce980a-6090-482c-a11d-b7f969f696d7,TBD Architecture + Urban Planning,disc,1783036800000,high,attended,0,1782756949699,,
4a59faac-0852-498a-8b24-3fa4407d17ff,ffce980a-6090-482c-a11d-b7f969f696d7,Elements Engineering Inc / Safe Roads,disc,1783036800000,medium,no_show,0,1782842592630,,
e390e833-a8d7-463a-8ff8-7297faf7d16a,c6632466-befd-416f-abea-f0cfaa311ae1,ROHI Engineering,disc,1783382400000,medium,attended,2,1782333508782,,
83b6b39f-215f-4c7b-bcb4-9e7d9adc7545,4c31f12c-52dd-45e7-aa2b-6a0e78e70055,J.R Freethy,disc,1783468800000,medium,attended,0,1782832091757,,
e76285fb-51d9-4948-b408-c0f723729fbf,4c31f12c-52dd-45e7-aa2b-6a0e78e70055,Acapulco Pools Limited,disc,1783468800000,medium,attended,1,1781195977985,,
171a0972-706f-43c1-9f0a-82583868054a,4c31f12c-52dd-45e7-aa2b-6a0e78e70055,Plains Constructors Canada Ltd.,disc,1783555200000,medium,no_show,0,1782417818585,,
0029f3ea-699f-4f92-957b-18132cbeddd0,ffce980a-6090-482c-a11d-b7f969f696d7,BAR Engineering Co. Ltd.,disc,1783641600000,medium,attended,0,1782851624268,,
59e0ccd0-8c7c-4fbc-a1b6-b278a0b6a0db,c6632466-befd-416f-abea-f0cfaa311ae1,FORM Studio,disc,1782777600000,medium,no_show,0,1781899800636,,
abc47a6c-4d28-41bb-8d6d-f77f2670b033,4c31f12c-52dd-45e7-aa2b-6a0e78e70055,Thinc Space,demo,1781827200000,medium,no_show,0,1781289483422,,
0ccfc835-6c41-4882-928b-a0839ef1531d,4c31f12c-52dd-45e7-aa2b-6a0e78e70055,Tony Osborn Architecture,demo,1781654400000,medium,attended,0,1781289537576,,
72499b28-4d59-401e-8074-52f5e6806323,ffce980a-6090-482c-a11d-b7f969f696d7,Gladki Planning Associates,disc,1784160000000,medium,no_show,0,1783451622643,,
c5352024-cd55-4238-9e0e-77b1d6eeac13,ffce980a-6090-482c-a11d-b7f969f696d7,Blastek Engineering Group,demo,1782950400000,high,attended,0,1783005205268,,
d6e306c2-80c5-4d86-a8fe-add612515320,c6632466-befd-416f-abea-f0cfaa311ae1,Corrcoat,disc,1782950400000,high,no_show,0,1781815951610,,
c6c850b7-3e2b-4fd0-85d4-0bfb772a0399,c6632466-befd-416f-abea-f0cfaa311ae1,Barrie Construction Association,disc,1782950400000,low,no_show,0,1783011982842,,
c2789d28-b6ec-49eb-b2a7-20aa1f6fefb4,4c31f12c-52dd-45e7-aa2b-6a0e78e70055,ACI,demo,1782950400000,medium,attended,0,1783021161752,,
58a83ad5-c5b0-4c1b-9482-b3a312a75bd6,4c31f12c-52dd-45e7-aa2b-6a0e78e70055,Accent Building Sciences Inc.,demo,1783036800000,medium,attended,0,1783106882914,,
cdc23d96-1b0e-4de5-93dc-cfba1b72c816,ffce980a-6090-482c-a11d-b7f969f696d7,17/21 Architects,disc,1783296000000,high,attended,0,1783348236540,,
05b034b3-afba-4170-a509-f2464d7f29d2,c6632466-befd-416f-abea-f0cfaa311ae1,D.M. Wills Associates,disc,1784160000000,high,no_show,0,1783448514982,,
dea2bbfe-6596-4a10-a3a5-1dda745f90c0,4c31f12c-52dd-45e7-aa2b-6a0e78e70055,CSV,disc,1784246400000,medium,no_show,0,1783539808196,,
d91e0c3e-a1c0-43b4-ad07-3e154e3baab8,4c31f12c-52dd-45e7-aa2b-6a0e78e70055,Di Maio Design Associates Architect Inc.,disc,1784246400000,low,no_show,0,1783540948145,,
f497ba5e-771f-403a-a462-1686255f9311,ffce980a-6090-482c-a11d-b7f969f696d7,Solstice Environmental Management,disc,1784246400000,medium,no_show,1,1781282232063,,
50a23a0f-c37d-4fa4-a84b-f9288ffb2c32,4c31f12c-52dd-45e7-aa2b-6a0e78e70055,J.P. Samuel & Associates,disc,1791244800000,low,scheduled,0,1783367810671,,
f8fd812e-7f4e-42d5-9221-b3abc10bf12f,ffce980a-6090-482c-a11d-b7f969f696d7,Strik Baldinelli Moniz,disc,1784246400000,high,attended,1,1783622270158,,
04d1833c-f075-45fe-8252-62c104124e0f,c6632466-befd-416f-abea-f0cfaa311ae1,IGB Tech,disc,1783641600000,medium,no_show,0,1783010034110,,
a5fb9d4a-a797-4981-9541-8f143d7f4ca1,ffce980a-6090-482c-a11d-b7f969f696d7,Orange Crow Leadership,demo,1784246400000,medium,attended,0,1784311626088,,
b1c58dff-2ce6-4f4f-8233-c47e49d6df83,4c31f12c-52dd-45e7-aa2b-6a0e78e70055,Burkhart Gilchrist Architects Inc.,disc,1784246400000,high,attended,0,1783616547215,,
00b4ad4e-e30f-447a-842f-8a81a4a3e60a,4c31f12c-52dd-45e7-aa2b-6a0e78e70055,Fundy Engineering,disc,1783382400000,medium,attended,0,1783440403809,,
537a08a2-0ad1-4941-8c53-c7c71bdf8c18,4c31f12c-52dd-45e7-aa2b-6a0e78e70055,Struct-Construction,disc,1783296000000,low,no_show,0,1783440386652,,
4d60bd3c-57a9-44a0-8336-a18afe67e809,4c31f12c-52dd-45e7-aa2b-6a0e78e70055,Branded Energy,disc,1783296000000,medium,no_show,0,1783440420417,,
d16a919d-cdc2-41fe-9915-abaaf646f7ce,ffce980a-6090-482c-a11d-b7f969f696d7,DPAI Architecture Inc.,demo,1783296000000,medium,attended,0,1783440531960,,
3290112e-d17d-4bf8-a7f8-4039f9c4b397,ffce980a-6090-482c-a11d-b7f969f696d7,TBD Architecture + Urban Planning,demo,1783468800000,medium,attended,0,1783440330622,,
0fc87451-52d2-4a43-9c79-50e3e17ebb71,4c31f12c-52dd-45e7-aa2b-6a0e78e70055,Keewatin-Aski Ltd.,disc,1784592000000,low,attended,0,1783542322815,,
7ac1f3f6-66ed-4f98-815f-a2298c318deb,ffce980a-6090-482c-a11d-b7f969f696d7,BAR Engineering Co. Ltd.,demo,1784592000000,medium,attended,0,1783717113602,,
05ca0753-088c-49f0-a710-47d321811510,ffce980a-6090-482c-a11d-b7f969f696d7,Scouten & Associates Engineering Ltd.,disc,1783555200000,high,attended,0,1783023621472,,
13a96cf6-629e-4e90-9ff9-27dedd270c26,ffce980a-6090-482c-a11d-b7f969f696d7,Nedlaw Roofing,disc,1797811200000,medium,scheduled,2,1783363926178,,
423cbcfe-a02f-4085-a713-5b12cb321c0e,4c31f12c-52dd-45e7-aa2b-6a0e78e70055,WNDR Architecture + Design Inc.,demo,1784592000000,medium,attended,0,1784230807847,,
351b6417-658c-453d-8759-b22ddc069122,4c31f12c-52dd-45e7-aa2b-6a0e78e70055,Facca Incorporated,disc,1783641600000,medium,no_show,0,1783013868194,,
14ea3922-6d18-4c60-af17-73648844b860,ffce980a-6090-482c-a11d-b7f969f696d7,Kevorkian Architecture Inc.,demo,1783641600000,medium,attended,0,1783704760716,,
07025ef6-35e2-4504-b492-9e805ffb1408,ffce980a-6090-482c-a11d-b7f969f696d7,Chapman Murray Associates Architects Inc,disc,1783900800000,medium,no_show,0,1783358204400,,
db3e0470-1728-4e28-a5ab-5fda08153188,ffce980a-6090-482c-a11d-b7f969f696d7,B. M. Ross and Associates,disc,1783900800000,medium,attended,0,1783438472681,,
e022fa07-4719-4e00-94e7-fed860e7db8c,c6632466-befd-416f-abea-f0cfaa311ae1,Habitat Systems,disc,1784160000000,medium,no_show,0,1783456713266,,
06420c87-d019-46c2-b7ba-0be520092255,ffce980a-6090-482c-a11d-b7f969f696d7,17/21 Architects,demo,1783987200000,medium,no_show,0,1783363947368,,
4c9e7d77-4817-432a-8281-e73bc5a9b446,4c31f12c-52dd-45e7-aa2b-6a0e78e70055,J.R Freethy,demo,1783987200000,medium,attended,0,1783526239486,,
8f7c70d9-2645-4f28-9d10-468d39a4d195,4c31f12c-52dd-45e7-aa2b-6a0e78e70055,RAM Engineering Ltd.,demo,1783987200000,medium,attended,0,1783538869107,,
14e2a8b3-4d3a-4588-bd0b-ec0ddb16ee82,c6632466-befd-416f-abea-f0cfaa311ae1,GGA-Architecture,disc,1783987200000,medium,attended,0,1783363359393,,
c53f8df5-8077-4e00-9e50-9231551fb7bd,c6632466-befd-416f-abea-f0cfaa311ae1,Soca Design,disc,1783987200000,high,attended,0,1783619815934,,
ce9666b3-6dee-4522-9770-e44a55526fee,c6632466-befd-416f-abea-f0cfaa311ae1,2K Architecture,disc,1784160000000,medium,no_show,0,1783546400291,,
19a45817-c8b5-4b65-817e-9799917d69eb,ffce980a-6090-482c-a11d-b7f969f696d7,Public Architecture and Design Inc.,disc,1784073600000,low,no_show,0,1783554141372,,
e67a1436-7233-463f-85c4-b4063674083c,c6632466-befd-416f-abea-f0cfaa311ae1,O2 Design,disc,1784073600000,medium,no_show,0,1783445975971,,
a059d2f1-db03-42bb-98c7-24dab102fbc2,ffce980a-6090-482c-a11d-b7f969f696d7,MCL Architects,disc,1784073600000,low,no_show,0,1783617318890,,
8bbb2763-eb87-4618-89c6-b5bb4a685e7c,c6632466-befd-416f-abea-f0cfaa311ae1,M2 Development Management,disc,1784246400000,medium,attended,0,1783619857635,,
211b5642-0348-4694-81b9-271baab38bb4,4c31f12c-52dd-45e7-aa2b-6a0e78e70055,ABC Recreation Ltd,disc,1784851200000,medium,no_show,1,1783347517086,,
2db3a6da-8c5c-42b2-b0d3-07aecf4081ad,4c31f12c-52dd-45e7-aa2b-6a0e78e70055,ASTERISK ENGINEERING CORPORATION,disc,1784678400000,medium,no_show,0,1783704120229,,
872601a3-660f-4d0d-96c3-8b8b7d56f353,4c31f12c-52dd-45e7-aa2b-6a0e78e70055,Mitchell Jensen Architects Inc.,disc,1785283200000,low,no_show,0,1784559593263,,
b1dd481b-c601-4278-9960-13e76bdf9c81,4c31f12c-52dd-45e7-aa2b-6a0e78e70055,Acapulco Pools Limited,demo,1784678400000,medium,no_show,0,1783532436064,,
12c89cec-8440-4fdf-9a18-0b6aee0f646b,ffce980a-6090-482c-a11d-b7f969f696d7,G. Bruce Stratton Architects,disc,1784678400000,medium,no_show,1,1783366482615,,
3e662ae9-9a6a-4577-b975-135baafe8324,c6632466-befd-416f-abea-f0cfaa311ae1,ROHI Engineering,demo,1784764800000,high,attended,0,1783440116106,,
2d9d7a7c-e4eb-459a-91c6-a9a83c6b83a1,c6632466-befd-416f-abea-f0cfaa311ae1,JP2G,disc,1784678400000,medium,no_show,0,1783622084691,,
d8cde1cb-5eae-4843-9a7f-93f0796b75e2,ffce980a-6090-482c-a11d-b7f969f696d7,Century Group Inc.,demo,1784851200000,low,attended,1,1783703465318,,
11b7460e-2c91-4c27-992d-cff240e36179,ffce980a-6090-482c-a11d-b7f969f696d7,MacDonald Applicators,disc,1784851200000,medium,attended,5,1782224599466,,
ff12971e-e8a8-4b71-b107-a24bc0f8e5f9,c6632466-befd-416f-abea-f0cfaa311ae1,Ainley Group,disc,1786579200000,low,no_show,2,1784215584817,,
311cd27c-a8a3-469f-9a32-a28bafc24ee4,ffce980a-6090-482c-a11d-b7f969f696d7,Kirsten Reite Architect Inc.,disc,1786924800000,medium,no_show,2,1783459619541,,
a19753d7-bf9c-4982-b48d-88c41cc670c5,c6632466-befd-416f-abea-f0cfaa311ae1,Watt Consulting Group,disc,1787702400000,medium,no_show,2,1783370262937,,
4102fe7c-6e87-4545-87df-32c670bb7cdd,c6632466-befd-416f-abea-f0cfaa311ae1,Monteith Brown Planning Consultants,disc,1783900800000,medium,no_show,0,1783366510917,,
996ba583-7863-4e27-94e7-57ef8ad54b26,4c31f12c-52dd-45e7-aa2b-6a0e78e70055,architects Tillmann Ruth Robinson inc.,demo,1783987200000,medium,attended,0,1783973088842,,
648787e6-92e2-4439-b4d9-5c334d3140cc,4c31f12c-52dd-45e7-aa2b-6a0e78e70055,Caliber Sport Systems Inc.,demo,1783987200000,medium,attended,0,1783973170662,,
b765eab9-043c-4820-ac68-857b4b289d03,4c31f12c-52dd-45e7-aa2b-6a0e78e70055,S Young Enterprises Ltd,demo,1783987200000,high,attended,0,1784048131354,,
98c53835-407a-4e5f-8e44-f4fd2528b15e,ffce980a-6090-482c-a11d-b7f969f696d7,Scouten & Associates Engineering Ltd.,demo,1784073600000,high,attended,0,1784119113717,,
94c55930-ce75-4247-b165-9066800b7676,ffce980a-6090-482c-a11d-b7f969f696d7,Bennett Design Associates Inc.,demo,1784073600000,high,attended,0,1784119097265,,
73f82464-1016-4b3a-947c-7e7e5c019424,ffce980a-6090-482c-a11d-b7f969f696d7,Brander Architects Inc,disc,1784505600000,high,attended,0,1784042404887,,
fc508376-68b2-49fc-be84-7e08a07a9b23,ffce980a-6090-482c-a11d-b7f969f696d7,Bondi Energy,disc,1784505600000,high,attended,1,1783537110239,,
512a35b5-80d7-4364-9008-42d89719d195,c6632466-befd-416f-abea-f0cfaa311ae1,Invistec Consulting LTD,disc,1784073600000,medium,attended,0,1783961162779,,
95a8497b-e68a-49f0-9c83-623e08b763e9,c6632466-befd-416f-abea-f0cfaa311ae1,LM Architectural Group,demo,1783987200000,high,attended,0,1784154437233,,
9e75ce93-5825-4d59-8900-3111ad96666a,4c31f12c-52dd-45e7-aa2b-6a0e78e70055,Blocked Licensed,disc,1784592000000,low,no_show,0,1783963243062,,
338b9f17-4b54-4adf-b20a-3c04a57e0e27,ffce980a-6090-482c-a11d-b7f969f696d7,Cynthia Zahoruk Architect,disc,1784592000000,low,no_show,0,1783966417331,,
8f7c7018-6ea0-408e-ab8c-b80cff9f3d0b,4c31f12c-52dd-45e7-aa2b-6a0e78e70055,Syllable Inc.,demo,1784592000000,medium,attended,0,1784579821492,,
06e20152-5a09-48ff-a89e-a5cc8a6173d3,c6632466-befd-416f-abea-f0cfaa311ae1,McGean Architecture + Design Inc.,disc,1784592000000,high,attended,0,1784128500601,,
8f599aff-a91f-4ceb-9629-e9805376a655,c6632466-befd-416f-abea-f0cfaa311ae1,Soca Design,demo,1784592000000,medium,attended,0,1784154537765,,
389554ab-a177-4dce-8657-efa633020846,c6632466-befd-416f-abea-f0cfaa311ae1,R.E. Millward & Associates,disc,1784246400000,low,no_show,0,1783966779536,,
35f767d9-87f0-4542-830b-8d39b896a8ca,c6632466-befd-416f-abea-f0cfaa311ae1,On Side Restoration,disc,1784678400000,high,no_show,1,1782410205400,,
f9c0cce3-f5c5-4aa7-bf8d-9f3c46902853,ffce980a-6090-482c-a11d-b7f969f696d7,LMDG Building Code Consultants Ltd.,disc,1784764800000,medium,no_show,0,1784062981421,,
e5d71e88-9764-4c3e-ba08-4eda23b74e51,4c31f12c-52dd-45e7-aa2b-6a0e78e70055,Wade Consulting,disc,1784851200000,low,no_show,0,1784220691188,,
a6b6efc2-7880-49e2-ae7c-ed337672a4e2,4c31f12c-52dd-45e7-aa2b-6a0e78e70055,Syllable Inc.,disc,1784678400000,medium,attended,0,1784128023550,,
3c8ee27a-d40b-421f-af9e-4845d0d697b3,ffce980a-6090-482c-a11d-b7f969f696d7,Cambium Inc.,disc,1785196800000,medium,no_show,2,1784225913648,,
17c88987-b4f8-4fad-9f27-c371bab34e9e,4c31f12c-52dd-45e7-aa2b-6a0e78e70055,Mante Corporation,demo,1784678400000,medium,attended,0,1784579811078,,
c7439758-5897-4c2b-a837-679fe34794e2,4c31f12c-52dd-45e7-aa2b-6a0e78e70055,LAKESIDE ARCHITECTURE INC.,disc,1784678400000,low,no_show,0,1783971432859,,
1dcaa2ed-f3d8-4b31-a84d-b40f3e0c9898,ffce980a-6090-482c-a11d-b7f969f696d7,Brander Architects Inc,demo,1784764800000,medium,attended,1,1784573204874,,
33d6998d-e2dd-4356-bf31-a5231d78e79f,c6632466-befd-416f-abea-f0cfaa311ae1,Invistec Consulting LTD,demo,1784678400000,low,attended,0,1784154815098,,
382614bf-bc6c-43ca-be1d-391cda095896,c6632466-befd-416f-abea-f0cfaa311ae1,GGA-Architecture,demo,1784764800000,high,attended,0,1784154345642,,
08fd6b01-63e3-4f70-a4ea-ae77e86bc772,ffce980a-6090-482c-a11d-b7f969f696d7,Johnston Davidson Architecture & Planning,disc,1785110400000,medium,no_show,0,1783965518419,,
7bace4a4-f64c-4446-adb3-0210e946edb5,ffce980a-6090-482c-a11d-b7f969f696d7,3rdLine Studio,demo,1785196800000,medium,attended,0,1784061086548,,
c7fc846c-9ae4-4a6e-b08b-40d608dd865c,4c31f12c-52dd-45e7-aa2b-6a0e78e70055,Tessier Design Consultants,disc,1785196800000,medium,attended,0,1784126836173,,
736cf48d-57b2-4f26-a84c-bc415d45d7b6,ffce980a-6090-482c-a11d-b7f969f696d7,Truefit Architecture Ltd.,disc,1785196800000,high,no_show,1,1784131310791,,
98f0040a-e5fc-4310-b05f-31fb924c19db,4c31f12c-52dd-45e7-aa2b-6a0e78e70055,CSK ARCHITECTS INC,disc,1785283200000,medium,no_show,0,1784574410049,,
9aab0569-1d40-430a-8813-8bae44f4e1a6,ffce980a-6090-482c-a11d-b7f969f696d7,B. M. Ross and Associates,demo,1785283200000,medium,attended,0,1783963390869,,
5ee4c4a6-438f-421b-8892-d26d66f277e3,ffce980a-6090-482c-a11d-b7f969f696d7,Bathurst Design,disc,1785369600000,high,no_show,0,1784222187340,,
f3e4e45a-112f-41f6-aec3-e2e24ce66f14,c6632466-befd-416f-abea-f0cfaa311ae1,Goguen Architecture,disc,1785369600000,high,attended,0,1784649119978,,
f9fa2ffa-892a-4c03-a5cb-f3f1f5a7d996,ffce980a-6090-482c-a11d-b7f969f696d7,Strik Baldinelli Moniz,demo,1785369600000,high,attended,1,1784310332740,,
636e3b8a-abd0-45e8-a0f9-0476184803a8,ffce980a-6090-482c-a11d-b7f969f696d7,The Crossing Group,disc,1785369600000,medium,no_show,0,1784562158509,,
a3e970f7-ec5e-474d-b885-1b897d873618,ffce980a-6090-482c-a11d-b7f969f696d7,Green Space Alliance,disc,1785369600000,medium,attended,0,1784835651790,,
93791d2f-77ae-4fd5-8255-875aaec32981,4c31f12c-52dd-45e7-aa2b-6a0e78e70055,Planscape Inc.,disc,1785801600000,low,no_show,0,1784909403526,,
a60a27a1-8f52-41fd-b02f-8ba80bbb145f,4c31f12c-52dd-45e7-aa2b-6a0e78e70055,Red Studio Architects,disc,1785801600000,medium,no_show,1,1784562338904,,
faf3a541-ad17-4aba-989e-f6c08fd592a8,c6632466-befd-416f-abea-f0cfaa311ae1,Ron Hart Architect,disc,1785283200000,medium,no_show,0,1783980160434,,
e6e61d36-9393-4f9c-bc5c-2b96eefbe6f5,4c31f12c-52dd-45e7-aa2b-6a0e78e70055,Stevensville Lawn Service Inc.,disc,1785369600000,low,no_show,0,1784731170403,,
85b82981-5687-4f8e-be31-4878a8fa3a84,4c31f12c-52dd-45e7-aa2b-6a0e78e70055,Grace Architecture Inc.,disc,1785888000000,low,no_show,1,1784736299278,,
94a9c652-700b-41e3-a4cf-0cdf517c954a,ffce980a-6090-482c-a11d-b7f969f696d7,Studio One Architects,disc,1784678400000,medium,no_show,0,1784238923006,,
4571dcb6-3176-4d62-ae9c-b0381f6fd37c,ffce980a-6090-482c-a11d-b7f969f696d7,Bondi Energy,demo,1785974400000,medium,attended,1,1784577391040,,
7502988f-5038-4664-874d-eee44a02a847,c6632466-befd-416f-abea-f0cfaa311ae1,ZZAPP Archiecture,disc,1786060800000,low,no_show,1,1784560087811,,
bc97c77c-8abf-44a2-ae20-2049292ecbd1,ffce980a-6090-482c-a11d-b7f969f696d7,Iterate Architecture Inc.,disc,1786579200000,low,no_show,1,1784745749095,,
3655ab92-2ab0-4921-aa29-09684bc5270b,ffce980a-6090-482c-a11d-b7f969f696d7,Bel-Con Design-Builders,disc,1786492800000,medium,attended,1,1784651825149,,
1084642f-676a-4227-bf96-6c91ae025430,ffce980a-6090-482c-a11d-b7f969f696d7,Wolski Design Group Ltd,disc,1786492800000,medium,attended,1,1784581132713,,
3b011833-4251-446c-bb7c-8f426ed5f926,4c31f12c-52dd-45e7-aa2b-6a0e78e70055,Ritestart,disc,1786492800000,medium,attended,2,1783966460033,,
24c09de2-ae91-429d-84e4-0ee4368d0036,4c31f12c-52dd-45e7-aa2b-6a0e78e70055,Burkhart Gilchrist Architects Inc.,demo,1788998400000,medium,scheduled,3,1784313977601,,
50827c0f-9578-4cec-bc0a-691c07235b74,4c31f12c-52dd-45e7-aa2b-6a0e78e70055,AVA Design Studio,disc,1787097600000,high,no_show,0,1784821974211,,
a1f8ad4b-d07f-42bb-9a9c-c71291efcc93,4c31f12c-52dd-45e7-aa2b-6a0e78e70055,GS Gacesa Slote Architects Inc.,disc,1790380800000,high,scheduled,1,1784835483018,,
01224d9d-44b6-4428-843f-8b7c3c53034f,c6632466-befd-416f-abea-f0cfaa311ae1,Local Practice Architecture,disc,1785283200000,medium,no_show,0,1784584354264,,
988b73fc-1a23-4131-a18e-aec6f9d2d764,4c31f12c-52dd-45e7-aa2b-6a0e78e70055,KAPP Infrastructure Inc.,disc,1788393600000,low,scheduled,0,1785260316148,,
4eda8918-0b2d-4d29-a9c4-f2ec0d028704,ffce980a-6090-482c-a11d-b7f969f696d7,Reimagine,disc,1785369600000,medium,no_show,1,1784652800697,,
9cb7a00d-5452-472d-947c-739d1c106af8,ffce980a-6090-482c-a11d-b7f969f696d7,Shunda Consulting & Construction,disc,1785456000000,medium,attended,0,1785184634276,,
6331e2a8-4eba-4861-acf9-2c017d4d4c61,ffce980a-6090-482c-a11d-b7f969f696d7,Russpet Construction,disc,1785456000000,medium,no_show,0,1785185953525,,
dac83bc2-abde-4b7d-b9e0-2e19025d863d,ffce980a-6090-482c-a11d-b7f969f696d7,TRP Construction,disc,1785456000000,medium,no_show,0,1785260603396,,
0111dfe5-12a5-41f4-9ed8-7a05539d0308,c6632466-befd-416f-abea-f0cfaa311ae1,Jacob Bros Construction,disc,1785801600000,medium,no_show,0,1785262865900,,
62a4da79-ca12-44a2-8af5-d2885c931a73,ffce980a-6090-482c-a11d-b7f969f696d7,Atkinson Construction,disc,1785801600000,medium,no_show,0,1785271592555,,
cb39aefc-1efe-4e39-9f04-565bfd9b14c6,4c31f12c-52dd-45e7-aa2b-6a0e78e70055,Tessier Design Consultants,demo,1785369600000,medium,attended,0,1785268782715,,
1ae6640a-79d4-4cce-9853-0d5fbf07277e,ffce980a-6090-482c-a11d-b7f969f696d7,Rodas McKnight Constructors,disc,1785888000000,low,no_show,0,1785347332422,,
522af540-1633-484c-8ac2-709233f7b340,4c31f12c-52dd-45e7-aa2b-6a0e78e70055,Pre-Eng Contracting,disc,1785888000000,medium,no_show,0,1785167797050,,
081f30e2-5d5e-4f44-8ebc-d8038f6d669f,ffce980a-6090-482c-a11d-b7f969f696d7,Bear Tracks Environmental Services,disc,1786579200000,medium,no_show,0,1784912385513,,
fb6981b7-9952-48aa-a050-eec4368993ca,c6632466-befd-416f-abea-f0cfaa311ae1,Industra Construction Corporation,disc,1786579200000,medium,no_show,0,1785175979968,,
0a407a21-a21d-41ee-9b08-69ae7cba9cd4,ffce980a-6090-482c-a11d-b7f969f696d7,Quad Pro Construction,disc,1785888000000,medium,no_show,0,1785269505578,,
67fa9d9d-8c19-49c4-b8f0-1d52ea0f0961,c6632466-befd-416f-abea-f0cfaa311ae1,DSRA Architecture,disc,1785974400000,high,no_show,0,1785167747884,,
d78a661e-5788-4f52-bbfa-f5d2d24be8d1,4c31f12c-52dd-45e7-aa2b-6a0e78e70055,Joe Pace & Sons Contracting Inc.,disc,1785974400000,low,no_show,0,1785248793659,,
b6e22a59-0737-40ed-8961-d44d5410e014,ffce980a-6090-482c-a11d-b7f969f696d7,Scott Builders Inc.,disc,1786060800000,medium,no_show,0,1785359537202,,
9aa4395a-d65a-4146-b406-2091d1a4c1d0,4c31f12c-52dd-45e7-aa2b-6a0e78e70055,Stephane Laroye Architect Inc.,disc,1786060800000,high,attended,0,1785362130960,,
67282ea3-b9ba-4e03-93ac-421121cec01e,ffce980a-6090-482c-a11d-b7f969f696d7,Johnston Davidson Architecture & Planning,disc,1787616000000,medium,scheduled,1,1785188296726,,
6f9c545f-a6c1-4bd6-9fc3-6faba2fa51f8,4c31f12c-52dd-45e7-aa2b-6a0e78e70055,Melloul-Blamey Construction,disc,1786492800000,medium,no_show,1,1785339817875,,
65338252-b034-440c-a274-640392b302a6,4c31f12c-52dd-45e7-aa2b-6a0e78e70055,Kingdom Construction,disc,1786492800000,low,no_show,0,1785177185159,,
7693e805-9e5d-4e15-8b73-4eac7b266bfe,4c31f12c-52dd-45e7-aa2b-6a0e78e70055,Ball Construction,disc,1786492800000,low,no_show,0,1785262388190,,
fb9b0f29-6175-4aed-a029-464933d38c8b,4c31f12c-52dd-45e7-aa2b-6a0e78e70055,Anna Sulikowska Architect,disc,1788825600000,medium,scheduled,1,1785356307353,,
d25cc45c-d840-464d-876c-20bf0e8fb54b,c6632466-befd-416f-abea-f0cfaa311ae1,Keewatin-Aski Ltd.,onb,1789430400000,low,scheduled,0,1785709403090,299,
aab0e4b0-d71d-4071-80cf-83e7cb0575bd,c6632466-befd-416f-abea-f0cfaa311ae1,J. R. Freethy Architect,onb,1788739200000,medium,scheduled,0,1785709403090,299,
c7178e27-5093-4f9c-ba63-b1f2713c9005,c6632466-befd-416f-abea-f0cfaa311ae1,B. M. Ross and Associates Limited,onb,1788912000000,medium,scheduled,0,1785709403090,299,
e09621aa-b84a-40cc-bec4-c1766e3846b2,c6632466-befd-416f-abea-f0cfaa311ae1,Laurin,disc,1785974400000,medium,no_show,0,1785352246005,,
b3d9f323-3ad0-496e-bef8-18552a6deae9,c6632466-befd-416f-abea-f0cfaa311ae1,Soca Design,onb,1785801600000,low,no_show,0,1785700337808,299,
0dd08097-9867-4638-a4f6-6cfec17913e8,c6632466-befd-416f-abea-f0cfaa311ae1,CES Group,disc,1785801600000,high,no_show,1,1781545401548,,
91581afd-c4a6-466e-b0c1-3f3739a72abd,4c31f12c-52dd-45e7-aa2b-6a0e78e70055,Geosolv,disc,1785801600000,medium,attended,0,1785369148297,,
8ba74764-e53e-4eef-be61-0e43f7c35cc6,c6632466-befd-416f-abea-f0cfaa311ae1,Invistec Consulting LTD,onb,1785974400000,medium,no_show,0,1786029171937,399,
94a4df61-5efb-450f-a34a-d8a107616fc1,ffce980a-6090-482c-a11d-b7f969f696d7,Scouten Engineering,onb,1788912000000,medium,scheduled,0,1786029836611,281.62,
552b2c63-707d-40a7-a0a5-d31bb7df140a,c6632466-befd-416f-abea-f0cfaa311ae1,Bennett Construction Group,disc,1788393600000,medium,scheduled,0,1786040339019,,
c9896e1b-0c1c-4a4e-8799-8990b526ce78,c6632466-befd-416f-abea-f0cfaa311ae1,3rdLine Studio,onb,1785974400000,medium,scheduled,0,1785700612457,399,1786055283562
c4783ceb-5cb7-41a2-a7f5-d3fbc674dcb2,ffce980a-6090-482c-a11d-b7f969f696d7,Hemson Consulting,disc,1786060800000,medium,no_show,1,1785870930350,,
a9a8aa2a-44d3-4a94-ba86-33b833f52ac5,c6632466-befd-416f-abea-f0cfaa311ae1,Scouten & Associates Engineering Ltd.,onb,1788912000000,medium,scheduled,1,1785700563361,282,
23f278b3-b574-4301-ad86-860c54c0be0d,4c31f12c-52dd-45e7-aa2b-6a0e78e70055,GS Gacesa Slote Architects Inc.,disc,1787616000000,medium,scheduled,0,1786384059568,,1786384062463
236be360-8e5c-49d5-971a-2aa0ac56412d,4c31f12c-52dd-45e7-aa2b-6a0e78e70055,GS Gacesa Slote Architects Inc.,demo,1787616000000,medium,scheduled,0,1786384106907,,
3763c7ab-4917-4992-989b-abc66c1c387a,c6632466-befd-416f-abea-f0cfaa311ae1,Goguen Architecture Inc,onb,1786320000000,high,no_show,0,1786029836486,399,
77820b31-954e-4173-90a5-296c0ff6c701,c6632466-befd-416f-abea-f0cfaa311ae1,Dale Coleman Construction,disc,1788998400000,medium,scheduled,1,1786379442794,,
af7ab531-ae80-4605-aa42-d173913c03f8,ffce980a-6090-482c-a11d-b7f969f696d7,BAR Engineering Co. Ltd.,onb,1787011200000,high,attended,0,1786030285110,199,
e97fa10f-1ba9-42a5-906c-af80f419531f,c6632466-befd-416f-abea-f0cfaa311ae1,McGean Architecture + Design Inc.,demo,1786406400000,medium,no_show,3,1785852911687,,
6757de49-ac5b-4f94-8800-afd68d4a584e,c6632466-befd-416f-abea-f0cfaa311ae1,Geowater,onb,1785888000000,medium,no_show,1,1785700882776,399,
16663255-4431-4847-842c-6a2f41499c9e,4c31f12c-52dd-45e7-aa2b-6a0e78e70055,Rutherford Contracting Ltd.,disc,1786492800000,medium,no_show,0,1785943774708,,
6f49625c-fbac-49be-b60e-bd09cfe130bc,4c31f12c-52dd-45e7-aa2b-6a0e78e70055,Hill Design Studio Inc.,disc,1786492800000,medium,no_show,0,1785956201797,,
5ca36621-4390-4d9a-aae0-986987e029fe,4c31f12c-52dd-45e7-aa2b-6a0e78e70055,RFA Planning Consultant Inc.,disc,1786492800000,medium,no_show,0,1785946108064,,
1936d8e9-7b77-4c14-8b77-3dfc92bfc50e,ffce980a-6090-482c-a11d-b7f969f696d7,K-RITE,disc,1786492800000,medium,no_show,1,1785947175947,,
22a5b79c-54c0-4797-a3da-f14a0d4c9366,c6632466-befd-416f-abea-f0cfaa311ae1,ft3 Architecture Landscape Interior Design,onb,1788393600000,low,scheduled,1,1785709402505,299,
7063d4ec-3676-4b24-bfaf-10570497502a,ffce980a-6090-482c-a11d-b7f969f696d7,Tollestrup Construction,disc,1786492800000,medium,attended,0,1785958293303,,
48782959-1818-41a7-8a36-6144efb151b6,c6632466-befd-416f-abea-f0cfaa311ae1,Trisan Construction,disc,1786492800000,low,attended,0,1785954223657,,
e59d2708-9a8c-4d8d-bb33-2bea4fc3bb7b,4c31f12c-52dd-45e7-aa2b-6a0e78e70055,Accent Building,onb,1786320000000,medium,no_show,0,1786129847153,299,
d2d64e83-8a25-46ec-86e9-45f30856855e,ffce980a-6090-482c-a11d-b7f969f696d7,3rdLine Studio,onb,1788912000000,medium,scheduled,2,1786055288517,399,
c81c500c-837e-4ba6-9403-cd7ae8c715f7,c6632466-befd-416f-abea-f0cfaa311ae1,Gow Hastings Architects,onb,1786665600000,medium,no_show,0,1785709403090,299,
7ba7c279-1896-4912-9c8a-bc2a8d3d47e3,4c31f12c-52dd-45e7-aa2b-6a0e78e70055,Plains Constructors Canada Ltd.,disc,1786579200000,medium,attended,1,1785949426895,,
36ad9175-a35b-4140-bfd9-6e5befcb8d12,ffce980a-6090-482c-a11d-b7f969f696d7,Genmec ACL,disc,1786579200000,medium,no_show,0,1785426144279,,
1d44d2ff-cfc5-40e8-9747-aa89683787f3,ffce980a-6090-482c-a11d-b7f969f696d7,Gravity Architecture,disc,1786579200000,medium,attended,0,1785960155490,,
7bc14427-60a1-4a89-942c-cc8fd30b9c01,4c31f12c-52dd-45e7-aa2b-6a0e78e70055,Stephane Laroye Architect Inc.,demo,1786665600000,medium,attended,0,1786227178044,,
6c1974d0-66dd-4d4e-a3be-8eb47d7c1ffa,ffce980a-6090-482c-a11d-b7f969f696d7,JDX Advance,disc,1786665600000,medium,no_show,1,1785867899567,,
e54877d4-92f6-4905-89ec-a854ffe6973b,4c31f12c-52dd-45e7-aa2b-6a0e78e70055,Vati Group,disc,1786924800000,high,no_show,0,1786382007595,,
f29d1b03-c0ff-4fe8-a51b-00f637bc8247,c6632466-befd-416f-abea-f0cfaa311ae1,BAR Engineering Co. Ltd.,onb,1787011200000,medium,scheduled,1,1785700451482,199,1787070505569
c10a4935-3cc1-41e1-a5cf-0bb78903b420,c6632466-befd-416f-abea-f0cfaa311ae1,Atria,onb,1787011200000,high,no_show,1,1785700319944,299,
10b83c4f-0c75-4f03-836b-2fb03de07617,c6632466-befd-416f-abea-f0cfaa311ae1,CS&P Architects,onb,1787011200000,medium,attended,2,1785852878805,399,
d20ade7b-d37c-4ae6-8405-f08f17df3467,4c31f12c-52dd-45e7-aa2b-6a0e78e70055,Norlan Builder,disc,1787097600000,medium,attended,1,1785965859534,,
37aff736-c232-4ea0-98a2-a3378cbb89f4,c6632466-befd-416f-abea-f0cfaa311ae1,Clearwater Structures,disc,1787097600000,high,attended,1,1785947668569,,
4aeda8d8-f74a-4b25-b3f1-93b107942b16,4c31f12c-52dd-45e7-aa2b-6a0e78e70055,BDA INC,disc,1787184000000,medium,no_show,0,1786388811153,,
73d40741-26b9-4885-99f2-505d910357d3,ffce980a-6090-482c-a11d-b7f969f696d7,Hemson Consulting,disc,1787270400000,medium,no_show,0,1786384888079,,
9c55c8c3-8eb3-4d39-bd58-c8c9b8a0fd11,c6632466-befd-416f-abea-f0cfaa311ae1,MCW Maricor,onb,1787097600000,medium,scheduled,1,1785709402486,899,1787601280686
ea033067-502d-4458-b2b2-1f2ab682b7eb,c6632466-befd-416f-abea-f0cfaa311ae1,Facility Risk Solutions,onb,1787097600000,medium,attended,0,1785709403090,299,
b84d05f9-bbf0-4c33-a9bb-d9e49e50b48e,c6632466-befd-416f-abea-f0cfaa311ae1,Brander Architects,onb,1787270400000,high,attended,1,1785709403091,299,
6b5493b5-bd44-42e5-8ccf-bcae5f7513be,c6632466-befd-416f-abea-f0cfaa311ae1,Two Row Architect,onb,1787788800000,high,scheduled,3,1785709402478,399,
4d914ff9-74ec-4707-b1a1-2927047c69d7,c6632466-befd-416f-abea-f0cfaa311ae1,GGA-Architecture,onb,1787529600000,medium,attended,1,1785709402657,499,
2a819749-db40-443a-8c3f-caec068036d2,c6632466-befd-416f-abea-f0cfaa311ae1,Agri-Urban Buildings,disc,1787616000000,low,no_show,1,1786384651820,,
823ae572-df8d-48ef-8918-e8a05beb75f1,ffce980a-6090-482c-a11d-b7f969f696d7,Green Space Alliance,demo,1786320000000,high,attended,1,1785441615871,,
a711956b-d267-4d7c-a520-c303d84d2fa1,ffce980a-6090-482c-a11d-b7f969f696d7,Harrington McAvan,disc,1787875200000,low,scheduled,0,1787069507846,,
804232b9-2853-46e4-bf12-57099052d99f,ffce980a-6090-482c-a11d-b7f969f696d7,Shunda Consulting & Construction,demo,1786406400000,high,attended,0,1786458426775,,
e6c19973-0a42-427e-9604-c871a854c5a2,c6632466-befd-416f-abea-f0cfaa311ae1,JOST + Architects,onb,1788998400000,low,scheduled,0,1786496120270,299,
d584455f-f73e-40e0-99e1-188f8a3f79b2,4c31f12c-52dd-45e7-aa2b-6a0e78e70055,BGL Contractors,disc,1788393600000,high,scheduled,0,1786551796042,,
3738ca03-be4d-4d76-ba87-c8f900bf75cf,4c31f12c-52dd-45e7-aa2b-6a0e78e70055,Ritestart,demo,1788393600000,high,scheduled,0,1786559456909,,
cb2d3ffa-b9bb-45b0-a165-ba0a7327889b,ffce980a-6090-482c-a11d-b7f969f696d7,Wolski Design Group Ltd,demo,1788220800000,low,scheduled,0,1786565116079,,
187d2081-7bf6-4991-a215-1d785d6f43cb,c6632466-befd-416f-abea-f0cfaa311ae1,Wildstone Construction Group,demo,1788998400000,medium,scheduled,0,1786566728666,499,
38ea7b0a-f849-4169-abb5-b5d09a9bc0a5,c6632466-befd-416f-abea-f0cfaa311ae1,Invizij Architects Inc.,onb,1786579200000,high,no_show,0,1786496120244,299,
1ff99292-1f4f-48d2-96ac-ce0df44761d9,c6632466-befd-416f-abea-f0cfaa311ae1,LM Architectural Group | Environmental Space Planning,onb,1788998400000,medium,scheduled,3,1785709402651,399,
c9597f89-9451-406c-90b1-140ebb26f14d,c6632466-befd-416f-abea-f0cfaa311ae1,Trisan Construction,demo,1786579200000,high,attended,0,1786570433354,,
8d15eb21-a601-4664-8237-82cae1b3ce3f,c6632466-befd-416f-abea-f0cfaa311ae1,Pegah Construction,disc,1789430400000,low,scheduled,0,1786653261887,,
c08a8d3e-3fd5-428a-8f2b-d14ec3f3ec6a,4c31f12c-52dd-45e7-aa2b-6a0e78e70055,Tim Welch Consulting Inc,disc,1788912000000,medium,scheduled,0,1786719190139,,
c30e7569-3dde-49d6-9009-05a4ea7eb3f8,4c31f12c-52dd-45e7-aa2b-6a0e78e70055,H2Ontario Inc.,disc,1790640000000,medium,scheduled,0,1786721454395,,
85b47d60-3ddb-4550-8624-3e450c666925,c6632466-befd-416f-abea-f0cfaa311ae1,Century Group Inc.,onb,1786665600000,medium,no_show,0,1786496120263,299,
07c382ed-a68b-433b-bb22-3bc020b4ce83,ffce980a-6090-482c-a11d-b7f969f696d7,Emcee Construction & Management,disc,1786924800000,medium,attended,0,1786479129660,,
463d6e22-a130-4787-8919-4ab1579d0e61,8fb47a9e-f195-434b-b8ba-966b1d165761,HMCA,disc,1787529600000,low,scheduled,1,1786989740198,,
63c6fb0f-8a77-4afd-998d-3ef508857a36,8fb47a9e-f195-434b-b8ba-966b1d165761,SGL Planning,disc,1787529600000,low,scheduled,1,1786989647798,,
fa0d3aa9-ca26-4c82-9ace-53b4ef689abd,8fb47a9e-f195-434b-b8ba-966b1d165761,Number TEN Architectural,disc,1787529600000,medium,scheduled,1,1786989247713,,
4caf8648-a7b1-48ef-a70b-fff12cd290be,8fb47a9e-f195-434b-b8ba-966b1d165761,O2 Design,disc,1787616000000,medium,scheduled,0,1787001767650,,
ac580871-7893-4291-b663-940692a499c8,aae56d6d-c3b8-444a-810e-d99c54b5e95c,First Response Environmental,disc,1787616000000,medium,scheduled,0,1787064015360,,
075494e5-da09-4965-8792-3d63c9298e50,8fb47a9e-f195-434b-b8ba-966b1d165761,Kasian Architecture Interior Design and Planning,disc,1787616000000,high,scheduled,1,1787063800446,,
5294884b-e612-4697-926a-0144ebf7893f,4c31f12c-52dd-45e7-aa2b-6a0e78e70055,Iconic Architecture,disc,1787011200000,high,attended,0,1786648683426,,
5660d094-db5d-4aeb-a4e6-acd9bf070120,4c31f12c-52dd-45e7-aa2b-6a0e78e70055,AVI Construction,disc,1787011200000,low,scheduled,0,1786632111243,,1787074814025
5c0cdda0-e8bc-4498-9bad-48c0a01bee93,ffce980a-6090-482c-a11d-b7f969f696d7,Trans Canada Contracting,disc,1797811200000,medium,scheduled,0,1787075556231,,
c961b9cc-689e-4796-99e3-7d9e8c0caa8b,aae56d6d-c3b8-444a-810e-d99c54b5e95c,VDZ,disc,1787616000000,medium,scheduled,0,1787077816493,,
3bcfd991-6b06-4e78-8cbd-c30bf99273d7,8fb47a9e-f195-434b-b8ba-966b1d165761,Silver Birch Contracting,disc,1787702400000,medium,scheduled,0,1787082330617,,
76c31a33-951d-4959-9b30-51297b8edf4a,c6632466-befd-416f-abea-f0cfaa311ae1,Gravity Architecture,onb,1787011200000,high,attended,0,1787082623313,399,
28ebb780-cafe-4f40-a32e-276cd0947d46,4c31f12c-52dd-45e7-aa2b-6a0e78e70055,Struct-Con Construction Ltd.,disc,1787184000000,low,attended,0,1786471903089,,
1d4ca2bc-d6f1-4e14-8dfd-d9a55dcb63f5,4c31f12c-52dd-45e7-aa2b-6a0e78e70055,Smoke Architecture,disc,1787529600000,medium,scheduled,0,1786981361297,,1787148365962
3ae2322d-f340-4ddf-95fa-0e853623cc35,4c31f12c-52dd-45e7-aa2b-6a0e78e70055,"ArchEye, Inc.",disc,1789430400000,medium,scheduled,0,1787151540493,,
846facaa-83ae-4565-b3e3-f91e07e0aa82,4c31f12c-52dd-45e7-aa2b-6a0e78e70055,Inter-All Ltd.,disc,1790035200000,medium,scheduled,0,1787154678704,,
c2e21588-2f8e-47ff-9d90-136d5968f252,ffce980a-6090-482c-a11d-b7f969f696d7,Tollestrup Construction,demo,1792540800000,medium,scheduled,1,1786565088276,,
e8b5af3b-4cde-4bc9-aa32-ecc60ed21b38,8fb47a9e-f195-434b-b8ba-966b1d165761,Terracon (Alberta Office),disc,1787702400000,medium,scheduled,0,1787157927904,,
882375da-8902-40a7-9999-36d3a3f84c6f,ffce980a-6090-482c-a11d-b7f969f696d7,Facility Risk Solutions,onb,1787097600000,medium,attended,0,1787157937164,299,
137d8dfe-84e2-4906-b4e0-49f0071a0092,ffce980a-6090-482c-a11d-b7f969f696d7,Bel-Con Design-Builders,demo,1787097600000,high,attended,0,1786565077480,,
97b54d0a-2c22-463f-8ad1-2a7d0321bcc8,ffce980a-6090-482c-a11d-b7f969f696d7,Thomas Brown Architects,disc,1787184000000,medium,no_show,0,1786722645348,,
6c3ccf9b-3c02-44c6-9092-ee6ce7a93871,4c31f12c-52dd-45e7-aa2b-6a0e78e70055,Vivid Green Architecture,disc,1788825600000,low,scheduled,1,1786737045988,,
fd300978-beaf-455a-aa20-f8d38ddd290d,aae56d6d-c3b8-444a-810e-d99c54b5e95c,North Rock,disc,1787529600000,low,scheduled,1,1786989088680,,
9725ddf7-a367-412f-9c2b-6da7cfdc5e96,4c31f12c-52dd-45e7-aa2b-6a0e78e70055,Accent Building Sciences Inc.,onb,1787270400000,high,attended,0,1787074804369,299,
261c9cc2-378e-4e83-8381-66dbe6fc693b,ffce980a-6090-482c-a11d-b7f969f696d7,MBAC,disc,1787270400000,high,attended,0,1786996452794,,
9b88e6a1-9fe4-4686-a331-c6b0e557a36c,ffce980a-6090-482c-a11d-b7f969f696d7,MBAC,demo,1787270400000,high,attended,0,1786996462974,,
83e6ac38-d881-40c6-9666-0306c63fe562,ffce980a-6090-482c-a11d-b7f969f696d7,Weiss Architecture & Urbanism,disc,1787529600000,low,no_show,0,1786981267815,,
d351e96c-08f9-4b43-b5cb-d6f5de0386b3,ffce980a-6090-482c-a11d-b7f969f696d7,Shunda Consulting & Construction,demo,1787702400000,medium,no_show,1,1786472467639,,
d18227eb-b7b2-454f-8eb6-76caca355e32,ffce980a-6090-482c-a11d-b7f969f696d7,Ward Bros Construction,disc,1787702400000,medium,no_show,0,1786738136773,,
38046720-df39-4941-b1bf-7c7d8b317923,8fb47a9e-f195-434b-b8ba-966b1d165761,DC&F,disc,1788134400000,medium,scheduled,1,1787152914235,,
5957f654-1e03-4599-b939-d675de99f551,ffce980a-6090-482c-a11d-b7f969f696d7,Wright Construction,disc,1788998400000,medium,scheduled,1,1787157519741,,
09c613c2-5013-4b02-9815-aca48efae296,8fb47a9e-f195-434b-b8ba-966b1d165761,Hayman Construction Inc,disc,1787788800000,medium,no_show,0,1787084019342,,
f2c16131-165c-4155-b3eb-87265ec00410,4c31f12c-52dd-45e7-aa2b-6a0e78e70055,Pre-Eng Contracting,disc,1787616000000,medium,no_show,0,1786459139100,,
365becff-3617-412c-ade6-a4df7588c6c3,4c31f12c-52dd-45e7-aa2b-6a0e78e70055,Sajecki Planning,disc,1787616000000,low,no_show,0,1787077782382,,
ede7c93c-b8d2-43ff-a21f-339ed8bc97b5,8fb47a9e-f195-434b-b8ba-966b1d165761,Group2,disc,1787875200000,medium,attended,1,1787074579343,,
2409f799-76de-4276-b153-63cf060fc2e6,ffce980a-6090-482c-a11d-b7f969f696d7,GVN Structures,disc,1787097600000,medium,no_show,0,1786555391981,,
25770d29-4683-4f8c-8667-63ab9e848c1a,aae56d6d-c3b8-444a-810e-d99c54b5e95c,Go Asphalt Ltd,disc,1787702400000,medium,scheduled,0,1787163057994,,
d1495ef5-3c5a-4720-9d6a-80d717e9ee50,aae56d6d-c3b8-444a-810e-d99c54b5e95c,roqueroofing,disc,1787702400000,medium,scheduled,0,1787320813966,,
cfc1cec1-577c-48b3-bc5c-1e852f0f5c4d,8fb47a9e-f195-434b-b8ba-966b1d165761,Furcon,disc,1787702400000,medium,scheduled,0,1787333270110,,
3c82987d-d3e4-4af3-94bf-70bd59711ff2,ffce980a-6090-482c-a11d-b7f969f696d7,Brander Architects,onb,1787270400000,medium,attended,0,1787334125730,215,
97b04442-7ffc-4d29-9c32-02561255be03,8fb47a9e-f195-434b-b8ba-966b1d165761,ATCO,disc,1788998400000,medium,scheduled,0,1787339555910,,
1803c524-5bc9-4893-ab66-ee5ff8bdbac7,8fb47a9e-f195-434b-b8ba-966b1d165761,W.A. Stephenson Mechanical Contractors Limited,disc,1788307200000,high,scheduled,0,1787583607721,,
eac52ce8-d810-445b-bed9-0f34aa336517,4c31f12c-52dd-45e7-aa2b-6a0e78e70055,Kingdom Construction,disc,1796083200000,medium,scheduled,0,1787585932577,,
066652e5-40e5-4009-915a-e6723b3b462f,aae56d6d-c3b8-444a-810e-d99c54b5e95c,ohanlonpaving,disc,1787788800000,medium,scheduled,0,1787586555547,,
5c1237ea-18bc-4b94-ae95-6fb763756161,aae56d6d-c3b8-444a-810e-d99c54b5e95c,zeidler,disc,1787616000000,medium,scheduled,1,1787343816410,,
a2c74d78-218b-4e0a-b096-ed94b955afaa,4c31f12c-52dd-45e7-aa2b-6a0e78e70055,Blackstone Energy,disc,1788307200000,high,scheduled,0,1787591573124,,
2e07e803-516f-40cb-88b5-57d0de0d2f34,4c31f12c-52dd-45e7-aa2b-6a0e78e70055,Everest Signs,disc,1788220800000,low,scheduled,0,1787601125394,,
abd37400-b492-4f6b-95b4-9a1e57bfaad5,c6632466-befd-416f-abea-f0cfaa311ae1,Clearwater Structures,demo,1787270400000,medium,scheduled,0,1787160113206,,1787601230014
edab93bf-b3c0-4f86-8a3a-91ea32261e18,c6632466-befd-416f-abea-f0cfaa311ae1,Clearwater Structures,demo,1787270400000,medium,attended,0,1787160102707,499,
b6cbea48-1108-42bf-8cc0-a05ddc4a896e,ffce980a-6090-482c-a11d-b7f969f696d7,SVEDAS Architects,disc,1788134400000,low,scheduled,0,1787602778074,,
0782d783-56cd-49dc-92b3-187118165612,ffce980a-6090-482c-a11d-b7f969f696d7,Emcee Construction & Management,demo,1787529600000,medium,attended,0,1787603606368,,
be945a1d-993e-4360-afe1-edcbf207ab32,ffce980a-6090-482c-a11d-b7f969f696d7,Emcee Construction & Management,onb,1788220800000,medium,scheduled,0,1787609078311,399,
35d53e33-6b33-4ad5-a28b-f91e9bc78dc4,c6632466-befd-416f-abea-f0cfaa311ae1,Company 2,disc,1788220800000,medium,scheduled,0,1787666890241,,
e9342b5f-0938-4239-87c1-87defae0d552,8fb47a9e-f195-434b-b8ba-966b1d165761,Company 3,disc,1788220800000,medium,scheduled,0,1787667052109,,
b7995415-2546-450f-917d-bff95cb94b90,aae56d6d-c3b8-444a-810e-d99c54b5e95c,Company 4,disc,1788220800000,medium,scheduled,0,1787672029549,,
a84205fb-1904-4362-9627-6f05e89a9107,8fb47a9e-f195-434b-b8ba-966b1d165761,Company 5,disc,1788134400000,medium,scheduled,0,1787673549237,,
bfa15a7c-2438-47bd-9a0c-228492258e62,aae56d6d-c3b8-444a-810e-d99c54b5e95c,Company 6,disc,1787875200000,medium,scheduled,0,1787673757061,,
9d9c9c67-0eec-4dc0-bf8b-3a681d2022bd,c6632466-befd-416f-abea-f0cfaa311ae1,Company 7,disc,1788220800000,medium,scheduled,0,1787674243978,,
ce565d4b-bdbe-48a6-b5a1-5ce6872bf3c6,8fb47a9e-f195-434b-b8ba-966b1d165761,Company 8,disc,1788307200000,medium,scheduled,0,1787689206143,,
0726caeb-815c-4c82-93d9-9f5cc2ea6945,aae56d6d-c3b8-444a-810e-d99c54b5e95c,Company 9,disc,1788307200000,medium,scheduled,0,1787690305505,,
4e4289e5-855e-42b5-a004-66935f8de433,ffce980a-6090-482c-a11d-b7f969f696d7,Company 10,disc,1788220800000,medium,scheduled,0,1787690858687,,
d21d108f-85c9-4476-8edd-d0eddf6240c5,aae56d6d-c3b8-444a-810e-d99c54b5e95c,Alliance Corporation,disc,1787875200000,medium,scheduled,0,1787755991112,,
f66b363d-8cdc-4428-9a46-3f679a0928d2,8fb47a9e-f195-434b-b8ba-966b1d165761,Cannon Design,disc,1788307200000,medium,scheduled,0,1787759552590,,
e93050a5-af5a-4a26-9485-c4567bdb5be7,8fb47a9e-f195-434b-b8ba-966b1d165761,Melillo,disc,1788220800000,medium,scheduled,0,1787771039764,,
7198ab6c-d369-4eb5-bdce-e255aaeae1db,aae56d6d-c3b8-444a-810e-d99c54b5e95c,ONIT construction,disc,1787616000000,medium,attended,0,1787337406724,,
14d1eb1a-0f06-46c6-bf32-e7636d34bc50,8fb47a9e-f195-434b-b8ba-966b1d165761,Design TWG,disc,1788134400000,medium,scheduled,0,1787774263465,,
0db181dc-542a-46f1-b9b6-275268393c16,8fb47a9e-f195-434b-b8ba-966b1d165761,Duron,disc,1789603200000,medium,scheduled,1,1787174815065,,
1e0ef4c2-108e-4c06-8fde-c3285e16efc4,c6632466-befd-416f-abea-f0cfaa311ae1,T.i. STUDIOS Architecture Inc.,onb,1789948800000,high,scheduled,1,1785709402478,299,
d1db8d92-0533-42dc-89e8-d83a82b2f410,ffce980a-6090-482c-a11d-b7f969f696d7,Organica Studio,onb,1788912000000,medium,scheduled,0,1787838975585,299,
4c7fb48a-098a-4ab2-8de8-60b0d03bebfc,8fb47a9e-f195-434b-b8ba-966b1d165761,Company 1,demo,1789603200000,medium,scheduled,1,1787665384930,,
00ab88a9-7245-476e-942b-0d016b7a9419,ffce980a-6090-482c-a11d-b7f969f696d7,B. M. Ross and Associates,onb,1788912000000,medium,scheduled,0,1787839623952,399,
f7c4857c-525f-49fa-a600-eb39637e43d0,aae56d6d-c3b8-444a-810e-d99c54b5e95c,North America Construction,disc,1787788800000,medium,no_show,0,1787323818760,,
37c3bacc-3d2f-4130-a2c0-682bddf2337e,8fb47a9e-f195-434b-b8ba-966b1d165761,SGCunningham,disc,1789344000000,medium,scheduled,1,1787171269032,,
17da87c4-6691-437e-949f-9104ff2aace5,4c31f12c-52dd-45e7-aa2b-6a0e78e70055,BDA INC,disc,1788825600000,low,scheduled,0,1787846687336,,
f2ab9efc-82b6-44a8-94c1-4dceda87cb10,ffce980a-6090-482c-a11d-b7f969f696d7,Whitehouse Urban Design,disc,1788393600000,medium,scheduled,0,1787851068416,,
c2d101b6-8376-474c-bf2b-8efa1cf1a0fe,8fb47a9e-f195-434b-b8ba-966b1d165761,Number TEN Architectural Group,onb,1789603200000,high,scheduled,0,1787857567049,399,
b28bfab6-8e9d-4b36-8561-d3279a0a4f6c,4c31f12c-52dd-45e7-aa2b-6a0e78e70055,Carscadden Stokes McDonald Architects Ltd,disc,1789516800000,low,scheduled,0,1787859724355,,
8eb442ab-c23c-4524-aefb-48f7e406fff6,ffce980a-6090-482c-a11d-b7f969f696d7,MBAC,onb,1787788800000,medium,attended,0,1787838269576,360,
076dfedf-a518-401e-90b3-fe4b9062104b,4c31f12c-52dd-45e7-aa2b-6a0e78e70055,ARCCAN,disc,1787702400000,medium,no_show,0,1787328151257,,
0ff1dea6-a337-43d4-a54b-bf8abcb8de20,8fb47a9e-f195-434b-b8ba-966b1d165761,Vannic,disc,1787788800000,high,attended,0,1787327343369,,
1a41adf0-7f9c-48bc-94a8-e0f3c37ac5cc,8fb47a9e-f195-434b-b8ba-966b1d165761,Number TEN Architectural Group,demo,1787788800000,medium,attended,0,1787597103975,399,
d3c51b01-3315-458e-aad0-b20af0e934ad,8fb47a9e-f195-434b-b8ba-966b1d165761,Robert B. Somerville Co. Limited,disc,1787788800000,low,no_show,0,1787162536876,,
1fc1751f-cb24-4d3b-b188-7cb66bae70e7,8fb47a9e-f195-434b-b8ba-966b1d165761,Northern Industrial,disc,1788220800000,medium,scheduled,0,1787928775868,,
fb2854c4-3c27-474c-9978-7bc9dc05e2d6,aae56d6d-c3b8-444a-810e-d99c54b5e95c,Century Signs,disc,1788307200000,high,scheduled,0,1787930533647,,
c789e4e6-5391-4881-a621-84573f74645c,c6632466-befd-416f-abea-f0cfaa311ae1,Accent Building Sciences Inc.,onb,1787875200000,high,attended,1,1787767185928,299,
