id,name,plan,mrr,since_date,owner_id,status,created_at,cancel_date
9342746d-bb5c-4b98-8740-1c448b4999f4,Arc Studios,Starter,375,1756684800000,e7f5e5c1-ceae-45c0-9daa-72ab909645e3,active,1779135049059,
b88e9da7-60ba-47a6-86fc-8bb6481b530c,Access Engineering,Scale,499,1777593600000,e7f5e5c1-ceae-45c0-9daa-72ab909645e3,active,1779135049059,
f94d4f42-4943-4600-86dd-bba231b90f87,The Workun Garrick Partnership,Scale,499,1778803200000,c6632466-befd-416f-abea-f0cfaa311ae1,active,1779135049059,
cde23a90-6518-416d-916c-4cbe48c890ca,BR2 Architects,Growth,399,1778803200000,c6632466-befd-416f-abea-f0cfaa311ae1,active,1779135049059,
2f04a43e-ff6e-42f9-bb22-92396692c443,Dub Architects,Starter,181,1779321600000,c6632466-befd-416f-abea-f0cfaa311ae1,active,1779402126191,
c5ac25d8-4718-4c3f-b09d-42596ae00eaf,Lola Architecture,Starter,215,1780531200000,c6632466-befd-416f-abea-f0cfaa311ae1,active,1780595927960,
ac20d968-52c9-4531-b23c-dcbd1aad6cf4,Kumlin Sulivan Architects,Starter,361,1779753600000,c6632466-befd-416f-abea-f0cfaa311ae1,active,1779808365349,
8783c97e-1bd1-4b58-8c1d-64d22be29629,TWS Engineering,Starter,899,1781740800000,c6632466-befd-416f-abea-f0cfaa311ae1,active,1781808864392,
9ee94cca-49f7-40f2-bf96-ff2eda01e418,Lonedrone Solutions,Starter,86,1780876800000,4c31f12c-52dd-45e7-aa2b-6a0e78e70055,active,1780928665713,
62967fb4-001a-43e2-b906-11695317d666,818 Studio,Starter,299,1783296000000,c6632466-befd-416f-abea-f0cfaa311ae1,cancelled,1783370379162,1785974400000
a706130b-715d-40bb-abce-80b9377aca01,Lui's Cement,Starter,199,1781136000000,4c31f12c-52dd-45e7-aa2b-6a0e78e70055,active,1781189397554,
1abe06e6-9e6b-4ca1-b2f2-ff8ed9ec41d3,Toms+McNally Design Inc.,Starter,399,1781222400000,4c31f12c-52dd-45e7-aa2b-6a0e78e70055,active,1781295785007,
e71b0e15-e2ba-4362-acf9-7bf5cf21853f,Practice of Architecture through Collective Thinking Inc,Starter,199,1781481600000,4c31f12c-52dd-45e7-aa2b-6a0e78e70055,active,1781549176531,
c39efdee-d2ec-4774-96b1-93bdc420fbec,Brander Architects,Starter,145,1787270400000,ffce980a-6090-482c-a11d-b7f969f696d7,active,1787345095878,
dcafa09f-e770-4fac-86c6-c75cc51b7116,FWBA Architects,Starter,499,1782086400000,c6632466-befd-416f-abea-f0cfaa311ae1,active,1782155701011,
ddd155df-122f-4d45-9522-3f8bccf43b3c,Square Vis,Starter,215,1782345600000,4c31f12c-52dd-45e7-aa2b-6a0e78e70055,active,1782402062674,
46d93138-6083-4b0b-86af-060e3737b952,Lees + Associates,Starter,299,1782345600000,c6632466-befd-416f-abea-f0cfaa311ae1,active,1782406629887,
45bc2adf-bc96-478a-b8f7-caf32cbf0305,Kearns Mancini Architects Inc.,Starter,499,1782432000000,c6632466-befd-416f-abea-f0cfaa311ae1,active,1782495191312,
a150aef8-3543-4792-8f41-fbd561338155,Catterall & Wright,Starter,400,1782691200000,ffce980a-6090-482c-a11d-b7f969f696d7,active,1782749834157,
dc8cb7e6-454b-4a71-abda-fa3bd352d8ae,The Biglieri Group,Starter,299,1782691200000,ffce980a-6090-482c-a11d-b7f969f696d7,active,1782754674505,
0c23a04d-7f21-479a-bc75-c75784285a78,Skillsoft,Starter,899,1783382400000,adaec509-1771-49bf-b8fb-9415601e6528,active,1783436430128,
304e1e04-19e6-4663-9199-0e0d8369efd9,Vosh Architects,Starter,299,1783555200000,c6632466-befd-416f-abea-f0cfaa311ae1,active,1783618523890,
5bf648ba-f629-4ee1-b3ca-93488433a66f,Unit A,Starter,199,1783987200000,4c31f12c-52dd-45e7-aa2b-6a0e78e70055,active,1784043939630,
88cb33f0-2198-494c-8282-978b94388137,TBD Architecture + Urban Planning,Starter,299,1784073600000,ffce980a-6090-482c-a11d-b7f969f696d7,active,1784133266656,
2a698d63-2e2a-49a7-8c00-f7b88a0824f8,Gravity Architecture,Starter,399,1787011200000,c6632466-befd-416f-abea-f0cfaa311ae1,active,1787082067312,
13093930-ef89-4e4a-9b1e-8c83832515f5,RAM Engineering Ltd.,Starter,299,1784505600000,4c31f12c-52dd-45e7-aa2b-6a0e78e70055,active,1784563859474,
82c3ac4e-3eab-45a7-9e42-ea5d5a478b29,Novation Architecture,Starter,299,1784505600000,c6632466-befd-416f-abea-f0cfaa311ae1,active,1784584333588,
96d91c78-a470-4231-8695-c8f465f5168d,Caliber Sport Systems Inc.,Starter,299,1784592000000,4c31f12c-52dd-45e7-aa2b-6a0e78e70055,active,1784642861235,
7b4bb80a-a812-4d66-bcf8-e1b0374c31eb,S Young Enterprises Ltd,Starter,299,1784592000000,4c31f12c-52dd-45e7-aa2b-6a0e78e70055,active,1784652288033,
113ddd12-cf40-4fa9-ae21-5c96223d14cd,FHAI,Starter,299,1784592000000,c6632466-befd-416f-abea-f0cfaa311ae1,active,1784653032951,
9aad7290-a16b-4234-889e-27e5acc856d6,Revery Architecture,Starter,212,1784678400000,c6632466-befd-416f-abea-f0cfaa311ae1,active,1784741780533,
cb656c9f-b1c6-4bd0-b393-d0b81ba278d9,Orange Crow Leadership,Starter,299,1784764800000,ffce980a-6090-482c-a11d-b7f969f696d7,active,1784822811495,
91c0a5bb-49d7-467c-9456-b3ab1864fdf0,Bennett Design Associates Inc.,Starter,399,1784764800000,ffce980a-6090-482c-a11d-b7f969f696d7,active,1784826681911,
a261578d-27a6-4325-bfba-0b88e313e540,WNDR Architecture + Design Inc.,Starter,200,1784764800000,4c31f12c-52dd-45e7-aa2b-6a0e78e70055,active,1784838071388,
0a043656-ea8d-41f9-ae51-68e93811bd9d,M3 Development Management,Starter,283,1784678400000,c6632466-befd-416f-abea-f0cfaa311ae1,active,1784749682726,
303a9f9c-31b2-4871-a3a2-ee00ac573b64,Architects Tillmann Ruth Robinson inc.,Starter,399,1785196800000,4c31f12c-52dd-45e7-aa2b-6a0e78e70055,active,1785248864260,
01a05eb4-0709-4976-97e2-c0c437bca059,Idea Design,Starter,299,1785283200000,ffce980a-6090-482c-a11d-b7f969f696d7,active,1785357737148,
91ba477e-ec40-480b-867e-78e38b5e8749,ROHI Engineering,Starter,299,1785369600000,c6632466-befd-416f-abea-f0cfaa311ae1,active,1785430067932,
3f276bac-8ed9-473c-827b-e658ecefa10a,Tessier Design Consultants,Starter,299,1785369600000,4c31f12c-52dd-45e7-aa2b-6a0e78e70055,active,1785439695537,
78a8b9cd-3fbe-45a4-a808-df5615582aa7,Studio VMA Inc,Starter,178,1785456000000,4c31f12c-52dd-45e7-aa2b-6a0e78e70055,active,1785511579676,
ebaf2334-20ec-4587-8c2b-21e4a0c3a921,Geosolv,Starter,399,1785801600000,4c31f12c-52dd-45e7-aa2b-6a0e78e70055,active,1785869204265,
042c05bf-d12b-492c-8c5f-5915409ef6ea,Green Space Alliance,Starter,299,1786320000000,ffce980a-6090-482c-a11d-b7f969f696d7,active,1786395387812,
1d328b2e-9f15-4bb7-95a2-66bd1e424df6,S2 Architects,Growth,399,1778457600000,c6632466-befd-416f-abea-f0cfaa311ae1,cancelled,1779135049059,1786320000000
204a87cb-3a84-4766-a9b1-d45602bf341a,Facility Risk Solutions,Starter,299,1787097600000,ffce980a-6090-482c-a11d-b7f969f696d7,active,1787162949076,
d58a323a-a018-4c2c-9888-fadd9f3525e6,Tony Osborn Architecture,Starter,199,1781654400000,4c31f12c-52dd-45e7-aa2b-6a0e78e70055,cancelled,1781723066396,1786924800000
57b0195b-48d8-4d8b-bebd-e48d65f15382,Trace Architectures,Starter,199,1780876800000,4c31f12c-52dd-45e7-aa2b-6a0e78e70055,active,1780931967539,
093091ab-e01b-40f9-a7ef-c5c6f9b55fd7,CDC Contracting,Starter,599,1786579200000,adaec509-1771-49bf-b8fb-9415601e6528,active,1786634119949,
9624c62e-a443-4eaf-a79a-fedbc9387288,BAR Engineering Co.,Starter,199,1787011200000,ffce980a-6090-482c-a11d-b7f969f696d7,active,1787081721183,
3f00e485-c548-41aa-8989-1a27ee53fcbc,CS&P Architects,Starter,399,1787011200000,c6632466-befd-416f-abea-f0cfaa311ae1,active,1787082024249,
c5290642-642c-42e5-b861-b5870fb51034,Syllable Inc.,Starter,299,1784592000000,4c31f12c-52dd-45e7-aa2b-6a0e78e70055,cancelled,1784659722283,1787270400000
