id,date_key,item_id,rep_id,checked_at
91bde66a-e3d0-4c86-8383-fcb37ffeec79,2026-06-01,lm-1,c6632466-befd-416f-abea-f0cfaa311ae1,1780325430220
9c6f6b19-0864-46bb-8f14-6fbdff05bfa8,2026-06-01,lm-2,c6632466-befd-416f-abea-f0cfaa311ae1,1780325430961
ccc7c4c8-81f3-4996-8d6b-5e9dfd71029e,2026-06-02,lm-1,c6632466-befd-416f-abea-f0cfaa311ae1,1780435131443
fbf03a8a-ca30-4868-94ce-a118e44611ec,2026-06-02,lm-2,c6632466-befd-416f-abea-f0cfaa311ae1,1780435132071
234ed60e-22b1-4952-b96d-f1c3ccd9b419,2026-06-02,pm-1,c6632466-befd-416f-abea-f0cfaa311ae1,1780437054326
a1347db5-ee35-404d-ba4e-cc1fe739c0c8,2026-06-02,pm-1-2,c6632466-befd-416f-abea-f0cfaa311ae1,1780437055878
9e5d6da5-3562-4d5a-ac4f-7844b1ae1933,2026-06-02,pm-1-4,c6632466-befd-416f-abea-f0cfaa311ae1,1780437059143
fdf7fd0f-2e32-4c94-bd5c-24488bef8c86,2026-06-03,lm-1,c6632466-befd-416f-abea-f0cfaa311ae1,1780497043310
32172bbf-1ce7-473a-b1b8-3f5d436d87cd,2026-06-03,lm-2,c6632466-befd-416f-abea-f0cfaa311ae1,1780497043677
e667fde9-fbde-4d5f-aca2-0d0ae1d6e842,2026-06-03,lm-1,ffce980a-6090-482c-a11d-b7f969f696d7,1780497114193
b720e67b-fa9d-4ad1-868e-e65d59790aa7,2026-06-03,lm-2,ffce980a-6090-482c-a11d-b7f969f696d7,1780519154285
bf164047-781c-4654-a26a-8782bed12b3c,2026-06-03,pm-1-2,ffce980a-6090-482c-a11d-b7f969f696d7,1780519166902
f69982d2-bf65-400e-8cb2-25f3b71d5e1d,2026-06-03,pm-1-4,ffce980a-6090-482c-a11d-b7f969f696d7,1780519495743
d6e31e5f-25e1-4b5e-9a6e-5af2c5f185d0,2026-06-03,pm-1,ffce980a-6090-482c-a11d-b7f969f696d7,1780519496943
5fe045c1-a77d-466f-84b0-41496944e68a,2026-06-03,pm-1,c6632466-befd-416f-abea-f0cfaa311ae1,1780522187184
1326584a-f30c-4a72-aac6-dfbd7d29585f,2026-06-03,pm-1-4,c6632466-befd-416f-abea-f0cfaa311ae1,1780522190813
8b167de7-07d1-40a5-957e-d2ff2155889f,2026-06-04,lm-1,c6632466-befd-416f-abea-f0cfaa311ae1,1780595673211
2df4a53f-d446-4284-9209-59b087aef31d,2026-06-04,lm-2,c6632466-befd-416f-abea-f0cfaa311ae1,1780595674075
3b9d441a-45e1-47ca-8a60-cfbb3360b802,2026-06-04,lm-1,ffce980a-6090-482c-a11d-b7f969f696d7,1780625106095
f495dbc1-3b10-40d5-9d3b-8b3a70c8962e,2026-06-04,lm-2,ffce980a-6090-482c-a11d-b7f969f696d7,1780625106383
7f383a20-3ea1-4c2c-bf43-886def115281,2026-06-04,pm-1-2,ffce980a-6090-482c-a11d-b7f969f696d7,1780625107941
1fd0b3df-608b-4048-94b1-042f958e46c8,2026-06-04,pm-1,ffce980a-6090-482c-a11d-b7f969f696d7,1780625108589
a3d964a8-291f-4ba7-996c-1a891a03571c,2026-06-04,pm-1-4,ffce980a-6090-482c-a11d-b7f969f696d7,1780625113981
709837fb-6ef0-45aa-ba8b-31051010b05a,2026-06-04,pm-1,49977ad3-77f2-473b-9f20-6f9dfe69f501,1780629632949
c26232f4-3c51-4bda-be3f-050a62ba974f,2026-06-05,lm-1,ffce980a-6090-482c-a11d-b7f969f696d7,1780666573293
b8bc6dc4-f579-4188-a41e-2ea115a5a878,2026-06-05,lm-2,ffce980a-6090-482c-a11d-b7f969f696d7,1780666574479
ea8a9698-6839-4954-895d-82daea742852,2026-06-08,lm-1,ffce980a-6090-482c-a11d-b7f969f696d7,1780928578374
1a631d1d-9d08-44c6-bca7-662b636c020e,2026-06-08,lm-2,ffce980a-6090-482c-a11d-b7f969f696d7,1780928579075
d676372b-1a37-402f-96a7-1f0819db16b1,2026-06-08,lm-1,c6632466-befd-416f-abea-f0cfaa311ae1,1780930964805
af29844c-6ae1-49a4-a466-ed61877f5b95,2026-06-08,lm-2,c6632466-befd-416f-abea-f0cfaa311ae1,1780930965267
cd3cb448-fb0c-4e7f-a5f7-a1b847050c33,2026-06-08,pm-1,ffce980a-6090-482c-a11d-b7f969f696d7,1780962977629
84048cf0-5004-47de-930f-c2e247897faf,2026-06-08,pm-1-4,ffce980a-6090-482c-a11d-b7f969f696d7,1780962980105
82f8e96a-e0b6-48bd-b273-ae31caf629c6,2026-06-08,pm-1-2,ffce980a-6090-482c-a11d-b7f969f696d7,1780963320832
8084e87a-0e60-418b-8bb2-7a52c9a167af,2026-06-09,lm-1,ffce980a-6090-482c-a11d-b7f969f696d7,1781013739308
99380a2d-9faa-43e6-b649-38f49c81ea33,2026-06-09,lm-2,ffce980a-6090-482c-a11d-b7f969f696d7,1781013739588
95e106a4-197a-42e6-8c2e-18643bcd94b6,2026-06-09,lm-1,c6632466-befd-416f-abea-f0cfaa311ae1,1781020706905
82eece78-ad3d-4344-9077-b2142ae23821,2026-06-09,lm-2,c6632466-befd-416f-abea-f0cfaa311ae1,1781020708145
57925034-e719-48b5-8f6a-b6000d5a4643,2026-06-09,pm-1,ffce980a-6090-482c-a11d-b7f969f696d7,1781038395821
9f75a5f5-44ea-48f6-901e-1a2cbee31491,2026-06-09,pm-1-4,ffce980a-6090-482c-a11d-b7f969f696d7,1781038400347
5134ce7a-088b-4567-b52e-3ddcd8f31055,2026-06-09,pm-1-2,ffce980a-6090-482c-a11d-b7f969f696d7,1781042643143
04bd91ba-59d4-4690-87e1-f1ab128c9a22,2026-06-10,lm-1,ffce980a-6090-482c-a11d-b7f969f696d7,1781100302138
d758ac1d-387b-44da-8dee-dcb877415d3a,2026-06-10,lm-2,ffce980a-6090-482c-a11d-b7f969f696d7,1781100302502
d1750857-6351-438c-8118-2c1539e58084,2026-06-10,lm-1,c6632466-befd-416f-abea-f0cfaa311ae1,1781127286462
325dc05a-89a4-4f41-99d5-144194142293,2026-06-10,lm-2,c6632466-befd-416f-abea-f0cfaa311ae1,1781127286949
ec381f11-1a31-433a-a460-f8c5ec4ad0c5,2026-06-10,pm-1,c6632466-befd-416f-abea-f0cfaa311ae1,1781127287257
98d8d197-ffe8-464b-ae22-399746bdf34e,2026-06-10,pm-1-2,c6632466-befd-416f-abea-f0cfaa311ae1,1781127288096
1d8c70e0-8e5a-4f05-87d4-5d1590a4715d,2026-06-10,pm-1-4,c6632466-befd-416f-abea-f0cfaa311ae1,1781127290990
c89c0cbe-ac84-481b-9b7e-0087ff540ccd,2026-06-11,lm-1,ffce980a-6090-482c-a11d-b7f969f696d7,1781188334166
bb6651e7-2136-4b61-ad0e-c897bdb9d76e,2026-06-11,lm-2,ffce980a-6090-482c-a11d-b7f969f696d7,1781188334390
551aa4e2-3007-4505-9ae2-f6d1f8ec5d3e,2026-06-16,lm-1,ffce980a-6090-482c-a11d-b7f969f696d7,1781640772517
3f6dfcfd-1b8a-4a86-8004-f2a0f1272a42,2026-06-16,lm-2,ffce980a-6090-482c-a11d-b7f969f696d7,1781640772708
6d41a483-7ec9-4b87-b853-c41884172038,2026-06-01,lm-2,4c31f12c-52dd-45e7-aa2b-6a0e78e70055,1780325528533
6ec3186d-8d0a-4f66-bce7-9c0e21de8d32,2026-06-01,lm-1,4c31f12c-52dd-45e7-aa2b-6a0e78e70055,1780325528946
35051dd5-6654-427a-8add-2683321e4259,2026-06-03,lm-2,4c31f12c-52dd-45e7-aa2b-6a0e78e70055,1780496767609
0ff08157-fd03-4d89-bcbd-421fbea852a4,2026-06-03,lm-1,4c31f12c-52dd-45e7-aa2b-6a0e78e70055,1780496769570
e6a08dfc-1a5f-496e-ae28-8783b676817e,2026-06-04,lm-2,4c31f12c-52dd-45e7-aa2b-6a0e78e70055,1780582784582
68d3dc40-8433-4354-b54f-5c2c27a1475a,2026-06-04,lm-1,4c31f12c-52dd-45e7-aa2b-6a0e78e70055,1780582784874
9d2528ae-4d48-43f0-b734-0dc5ebc7b540,2026-06-05,lm-1,4c31f12c-52dd-45e7-aa2b-6a0e78e70055,1780667850971
f739c7e3-ee52-4c96-b48f-02382978fef1,2026-06-05,lm-2,4c31f12c-52dd-45e7-aa2b-6a0e78e70055,1780667851269
b468e99a-6945-4206-9c18-f05b63c059a6,2026-06-08,lm-1,4c31f12c-52dd-45e7-aa2b-6a0e78e70055,1780928551271
1f7a9cf2-0864-4320-9703-344874993fc8,2026-06-09,lm-1,4c31f12c-52dd-45e7-aa2b-6a0e78e70055,1781012142287
9c480db5-6343-44ec-8b4b-077ee71443fa,2026-06-09,lm-2,4c31f12c-52dd-45e7-aa2b-6a0e78e70055,1781014152671
1d93a9ab-aa5f-4419-b2a5-706cd037aa6d,2026-06-19,lm-1,c6632466-befd-416f-abea-f0cfaa311ae1,1781901027129
b684b273-ba13-4ca7-a7c4-5afe41198b31,2026-06-19,lm-2,c6632466-befd-416f-abea-f0cfaa311ae1,1781901027759
d05afc1f-1b28-4303-9239-e9040dda003b,2026-06-19,ps-1,c6632466-befd-416f-abea-f0cfaa311ae1,1781901039462
11cb5d5a-1da8-42d1-9e31-0ba448d0f3d0,2026-06-19,ps-2,c6632466-befd-416f-abea-f0cfaa311ae1,1781901040154
476dc1b9-d30a-4cb8-8ab4-30d0643d9458,2026-06-19,lm-1,ffce980a-6090-482c-a11d-b7f969f696d7,1781901167449
7b3c9c39-c1dc-4474-ae26-cb301ee36aff,2026-06-19,lm-2,ffce980a-6090-482c-a11d-b7f969f696d7,1781901168000
fc1c3940-0358-44e9-97ef-a32730b8cb3d,2026-06-19,pm-1,ffce980a-6090-482c-a11d-b7f969f696d7,1781901176946
42d35222-8189-43f0-abeb-0edcddf3ff67,2026-06-19,pm-3,ffce980a-6090-482c-a11d-b7f969f696d7,1781901325527
0ea050b6-b500-4664-82a8-d4fc5d609867,2026-06-19,pm-2,ffce980a-6090-482c-a11d-b7f969f696d7,1781901612131
d036e064-f939-4b22-aba9-6e3de203621b,2026-06-19,pm-1,4c31f12c-52dd-45e7-aa2b-6a0e78e70055,1781901636809
b486edd0-cb04-40e3-bdf1-83b094013af2,2026-06-19,pm-2,4c31f12c-52dd-45e7-aa2b-6a0e78e70055,1781901638269
d2f79772-384b-4edd-867b-8d96d3f8965f,2026-06-19,pm-3,4c31f12c-52dd-45e7-aa2b-6a0e78e70055,1781901640866
25876d1c-04a3-41af-98b4-e28bbe538423,2026-06-19,pm-5,4c31f12c-52dd-45e7-aa2b-6a0e78e70055,1781901643778
fa3e5632-275b-4e69-95e9-4cfea898c223,2026-06-19,pm-6,4c31f12c-52dd-45e7-aa2b-6a0e78e70055,1781901649513
f7214aa3-e3e9-4898-a408-17e3592e661d,2026-06-19,pm-6,ffce980a-6090-482c-a11d-b7f969f696d7,1781901666196
9a2a99db-ce00-42c7-a421-91c1ba7e74cb,2026-06-19,ps-1,ffce980a-6090-482c-a11d-b7f969f696d7,1781901685513
f883deb7-8879-4ae1-858d-1428f5aaa899,2026-06-19,ps-2,ffce980a-6090-482c-a11d-b7f969f696d7,1781901685995
dbe9a28c-af5c-4e8f-b02b-7609cee007ee,2026-06-19,ps-1,4c31f12c-52dd-45e7-aa2b-6a0e78e70055,1781901688908
3f41811d-0445-4008-a850-f290d2903045,2026-06-19,ps-2,4c31f12c-52dd-45e7-aa2b-6a0e78e70055,1781901689719
fb7468f5-9180-4888-9538-efb8e524c5ac,2026-06-19,lm-2,4c31f12c-52dd-45e7-aa2b-6a0e78e70055,1781901690972
c04f84a4-4bb0-4b67-a583-607d63bcc642,2026-06-19,lm-1,4c31f12c-52dd-45e7-aa2b-6a0e78e70055,1781901691637
76a69a15-4c2e-4718-a0c8-1740ed70ef97,2026-06-19,pm-1,c6632466-befd-416f-abea-f0cfaa311ae1,1781902021168
5a42d200-fd98-4f56-aa02-8a94c3f5d774,2026-06-19,pm-4,ffce980a-6090-482c-a11d-b7f969f696d7,1781902039277
7bbac4c4-eea8-4ba0-89da-6e46e100f2a8,2026-06-19,pm-4,4c31f12c-52dd-45e7-aa2b-6a0e78e70055,1781902051091
c3e6be5b-cb67-4e07-af18-acd95de2c8ea,2026-06-19,pm-2,c6632466-befd-416f-abea-f0cfaa311ae1,1781903810198
df2b6960-2d55-49c7-a61b-bf96bcdcfc36,2026-06-19,pm-3,c6632466-befd-416f-abea-f0cfaa311ae1,1781903812177
90a19f3d-c51b-4383-a4b0-3622601bed48,2026-06-19,pm-4,c6632466-befd-416f-abea-f0cfaa311ae1,1781903816237
995df008-dd3c-475c-87c4-b3cb8f01a0ce,2026-06-19,pm-5,ffce980a-6090-482c-a11d-b7f969f696d7,1781903959759
de607558-f2a2-4227-867f-f0905ff0d133,2026-06-19,pm-6,c6632466-befd-416f-abea-f0cfaa311ae1,1781904178547
b16001f0-9fc2-48ac-808a-5a4d494342a6,2026-06-19,pm-5,c6632466-befd-416f-abea-f0cfaa311ae1,1781904420984
699ebf41-af3b-4c7b-bba5-f72cf9111353,2026-06-22,lm-1,ffce980a-6090-482c-a11d-b7f969f696d7,1782134668831
c2160480-6862-4273-bee0-ce421d69aed3,2026-06-22,lm-1,c6632466-befd-416f-abea-f0cfaa311ae1,1782141830509
a5a23121-b460-435c-8d34-0f33421767c7,2026-06-22,lm-2,c6632466-befd-416f-abea-f0cfaa311ae1,1782141834589
e3ae0b02-08d1-4a76-862f-495501f16943,2026-06-22,lm-2,ffce980a-6090-482c-a11d-b7f969f696d7,1782141855384
287bca61-4e73-46d0-a0c9-a992ef7b5797,2026-06-22,lm-1,4c31f12c-52dd-45e7-aa2b-6a0e78e70055,1782141909032
a77f6d82-2b7c-4ed6-be82-7885fa92dfb9,2026-06-22,lm-2,4c31f12c-52dd-45e7-aa2b-6a0e78e70055,1782141910219
605a4990-3475-48be-bad4-080885136ec5,2026-06-22,ps-1,c6632466-befd-416f-abea-f0cfaa311ae1,1782145293510
1b46dbcc-d50f-4b90-873c-3e45f21f3767,2026-06-22,ps-1,4c31f12c-52dd-45e7-aa2b-6a0e78e70055,1782159263864
544acc2f-f9c4-40e7-8c80-386f8384de36,2026-06-22,ps-2,4c31f12c-52dd-45e7-aa2b-6a0e78e70055,1782159266094
4007d61b-fe47-4156-bae5-e34932d93508,2026-06-22,ps-1,ffce980a-6090-482c-a11d-b7f969f696d7,1782159671573
a4c9e29e-9cdf-482c-8b01-ad881f423026,2026-06-22,ps-2,ffce980a-6090-482c-a11d-b7f969f696d7,1782159672132
57f71ec6-b5af-44be-916a-0b3e87e0479a,2026-06-22,pm-1,4c31f12c-52dd-45e7-aa2b-6a0e78e70055,1782161187461
1e4d08ac-27c4-4e25-937a-0b3b81923583,2026-06-22,pm-1,ffce980a-6090-482c-a11d-b7f969f696d7,1782161789541
b12516a9-881b-47fa-b849-5259049942cc,2026-06-22,pm-2,4c31f12c-52dd-45e7-aa2b-6a0e78e70055,1782161797521
15c7217d-43b2-460d-a5ce-fa3eb131dd12,2026-06-22,pm-5,4c31f12c-52dd-45e7-aa2b-6a0e78e70055,1782161825412
9b7af773-b6f1-4eaf-be41-17d4b27e8066,2026-06-22,pm-6,4c31f12c-52dd-45e7-aa2b-6a0e78e70055,1782161829396
8b889ecb-6cb0-4caa-a013-4669feb9c473,2026-06-22,pm-4,4c31f12c-52dd-45e7-aa2b-6a0e78e70055,1782161881422
ddf7f638-b3ce-4213-aa95-2cbe3cdc9a44,2026-06-22,pm-4,ffce980a-6090-482c-a11d-b7f969f696d7,1782161897984
d884040b-0b0a-4919-a6df-495f92bf2c8a,2026-06-22,pm-2,ffce980a-6090-482c-a11d-b7f969f696d7,1782162006731
0b8edb4f-90df-4485-be9d-f3632a4b20c0,2026-06-22,pm-5,ffce980a-6090-482c-a11d-b7f969f696d7,1782162009555
e0e32c3e-5029-43c0-99e7-9c3cc01b6433,2026-06-22,ps-2,c6632466-befd-416f-abea-f0cfaa311ae1,1782162142287
bc419efc-e22c-4d2f-a4b2-15b9c0a3d8aa,2026-06-22,pm-3,ffce980a-6090-482c-a11d-b7f969f696d7,1782162517143
3ec86973-f631-498a-b9b9-ab50bfef29f8,2026-06-22,pm-6,ffce980a-6090-482c-a11d-b7f969f696d7,1782162519180
a4a5fcfc-0f59-4184-8654-d0ed1e6c3117,2026-06-23,lm-1,4c31f12c-52dd-45e7-aa2b-6a0e78e70055,1782224641232
edd1f47c-be8d-417c-b7d8-6ba4bd5d315e,2026-06-23,lm-2,ffce980a-6090-482c-a11d-b7f969f696d7,1782235992238
9887ed97-32f1-4387-9e59-2ae2bb03442f,2026-06-23,lm-1,ffce980a-6090-482c-a11d-b7f969f696d7,1782235992522
4782b10c-acd4-4d70-8162-139144e89fe0,2026-06-23,ps-1,ffce980a-6090-482c-a11d-b7f969f696d7,1782244981478
de1d819c-517e-4dec-9b6c-ea9fd3c9accb,2026-06-23,ps-2,ffce980a-6090-482c-a11d-b7f969f696d7,1782249882848
7b8579d0-9fae-4453-9ce1-4d4ec59e540d,2026-06-23,ps-2,4c31f12c-52dd-45e7-aa2b-6a0e78e70055,1782250039681
f288d0e8-b035-4661-a976-24897080e7fe,2026-06-23,pm-1,4c31f12c-52dd-45e7-aa2b-6a0e78e70055,1782250047152
e1fd467c-2849-4e9b-a5bd-b31bb695b0af,2026-06-23,pm-2,4c31f12c-52dd-45e7-aa2b-6a0e78e70055,1782250047604
40de4ff6-20d4-4234-a684-21bf12a0acf3,2026-06-23,pm-3,4c31f12c-52dd-45e7-aa2b-6a0e78e70055,1782250049238
20458921-f32a-472b-ad96-0fabc0792af6,2026-06-23,pm-4,4c31f12c-52dd-45e7-aa2b-6a0e78e70055,1782250050008
9915aa80-a170-447c-ba82-6e08118ef6d0,2026-06-23,pm-5,4c31f12c-52dd-45e7-aa2b-6a0e78e70055,1782250051243
e9728f78-a154-4256-b2f0-8b64033cef0e,2026-06-23,pm-6,4c31f12c-52dd-45e7-aa2b-6a0e78e70055,1782250053158
a227ffdb-7903-46fb-ab7c-a89258d7be94,2026-06-23,pm-1,ffce980a-6090-482c-a11d-b7f969f696d7,1782250206547
b664dd24-3702-4a6c-a8a0-77c7626116a2,2026-06-23,pm-2,ffce980a-6090-482c-a11d-b7f969f696d7,1782250210930
405d1100-0066-4d77-bf26-15a447444310,2026-06-23,pm-4,ffce980a-6090-482c-a11d-b7f969f696d7,1782250215790
3fadb71b-05c0-4455-9345-f56b51c11575,2026-06-23,pm-6,ffce980a-6090-482c-a11d-b7f969f696d7,1782250511682
c1f0abcf-64d7-4f48-b616-cc839c2dc8a9,2026-06-23,lm-1,c6632466-befd-416f-abea-f0cfaa311ae1,1782252505223
8b5ff102-4618-478f-90e7-eb57f45b7da0,2026-06-23,lm-2,c6632466-befd-416f-abea-f0cfaa311ae1,1782252506409
f0549003-e3ae-4e15-9113-437ee44761d5,2026-06-23,pm-1,c6632466-befd-416f-abea-f0cfaa311ae1,1782254262416
9ef39a4d-568c-49fc-893e-664b244677ab,2026-06-23,pm-2,c6632466-befd-416f-abea-f0cfaa311ae1,1782254263335
ef076f9f-483d-48c8-8d42-b0c2ebff755b,2026-06-23,pm-3,c6632466-befd-416f-abea-f0cfaa311ae1,1782254284557
bd727966-179b-44f7-864e-5cf8e75641f8,2026-06-23,pm-4,c6632466-befd-416f-abea-f0cfaa311ae1,1782254285256
0653e6fc-34b5-4be9-aeff-d0755e6eabfb,2026-06-23,pm-5,c6632466-befd-416f-abea-f0cfaa311ae1,1782254286437
fcf9fdef-3ae2-4d46-a6ca-6749b6de21df,2026-06-23,pm-6,c6632466-befd-416f-abea-f0cfaa311ae1,1782254456137
07d328f8-541a-40ec-a944-94989fbb5821,2026-06-23,pm-5,ffce980a-6090-482c-a11d-b7f969f696d7,1782257587084
10417c4d-93b4-41fd-ab46-1d2498efdfa7,2026-06-23,pm-3,ffce980a-6090-482c-a11d-b7f969f696d7,1782257588019
374411bf-cefe-441a-bc3e-3fa363578880,2026-06-24,lm-1,ffce980a-6090-482c-a11d-b7f969f696d7,1782311364768
a2a58379-2a28-4938-ae93-9e86dbe3d04a,2026-06-24,lm-2,ffce980a-6090-482c-a11d-b7f969f696d7,1782311365087
459f6359-8be8-4b22-be6e-96f31e150f7b,2026-06-24,ps-1,ffce980a-6090-482c-a11d-b7f969f696d7,1782333897532
127bbd7c-d2f4-4f2c-b02a-54064d7e8fad,2026-06-24,ps-2,ffce980a-6090-482c-a11d-b7f969f696d7,1782333898108
93730892-faaa-46d3-9ce0-4ad31c3897ed,2026-06-24,pm-1,ffce980a-6090-482c-a11d-b7f969f696d7,1782333938476
64b5f2d2-5851-4456-9a82-317d63a421ca,2026-06-24,pm-4,ffce980a-6090-482c-a11d-b7f969f696d7,1782334847737
55d0a90f-9be5-41c5-9cdb-946d48373665,2026-06-24,pm-2,ffce980a-6090-482c-a11d-b7f969f696d7,1782334877010
da5af1ad-52bc-479e-a86b-f78bcefda1f2,2026-06-24,lm-1,c6632466-befd-416f-abea-f0cfaa311ae1,1782336237169
5230e5d7-5f05-4c9b-8e29-4a9db743c104,2026-06-24,lm-2,c6632466-befd-416f-abea-f0cfaa311ae1,1782336237970
bd819b4e-1651-4717-bfe2-7eeb11ca9d8b,2026-06-24,ps-1,c6632466-befd-416f-abea-f0cfaa311ae1,1782336242739
81cf185f-110c-4cf5-9acb-aa7d0449cb90,2026-06-24,ps-2,c6632466-befd-416f-abea-f0cfaa311ae1,1782336243293
2688e324-2357-4dcc-b947-e47a5a3790b2,2026-06-24,pm-6,ffce980a-6090-482c-a11d-b7f969f696d7,1782336496429
95db8af9-9077-424f-9a4f-3b90b68ca3ad,2026-06-24,lm-1,4c31f12c-52dd-45e7-aa2b-6a0e78e70055,1782336630780
657628d7-61bd-414c-a1aa-e07b316584c3,2026-06-24,lm-2,4c31f12c-52dd-45e7-aa2b-6a0e78e70055,1782336631221
cfb4ee6b-eacd-4b34-9380-089c52d507db,2026-06-24,ps-1,4c31f12c-52dd-45e7-aa2b-6a0e78e70055,1782336632028
2177694b-faa6-47c6-8185-04687fc0fcd5,2026-06-24,ps-2,4c31f12c-52dd-45e7-aa2b-6a0e78e70055,1782336633462
19ffeaa0-9122-4842-9ef3-d9291c0bf20f,2026-06-24,pm-1,4c31f12c-52dd-45e7-aa2b-6a0e78e70055,1782336819673
c77bcf8a-f577-477e-b80c-90572292f292,2026-06-24,pm-2,4c31f12c-52dd-45e7-aa2b-6a0e78e70055,1782336821351
dfd7401d-4877-4d81-80ad-a12ac4f9c28d,2026-06-24,pm-4,4c31f12c-52dd-45e7-aa2b-6a0e78e70055,1782336823675
eba85ee7-954e-491b-88ab-a1afdd661587,2026-06-24,pm-5,4c31f12c-52dd-45e7-aa2b-6a0e78e70055,1782336825365
adb9711a-96b8-4893-89db-a2bfc777b373,2026-06-24,pm-6,4c31f12c-52dd-45e7-aa2b-6a0e78e70055,1782336827595
fa47af6a-bc02-4542-94b7-b775b28581e2,2026-06-24,pm-1,c6632466-befd-416f-abea-f0cfaa311ae1,1782336852499
42554762-9822-492c-81de-8b4a764ec7c0,2026-06-24,pm-2,c6632466-befd-416f-abea-f0cfaa311ae1,1782336853815
c50e3982-215d-49e1-bffc-6c05b5348a96,2026-06-24,pm-3,c6632466-befd-416f-abea-f0cfaa311ae1,1782336854769
e8693bc7-9d8f-4439-947b-6c70e533d4aa,2026-06-24,pm-4,c6632466-befd-416f-abea-f0cfaa311ae1,1782336856231
cd530445-549d-40b6-94d6-40dd93a41bd2,2026-06-24,pm-6,c6632466-befd-416f-abea-f0cfaa311ae1,1782336863639
59576357-d427-48ec-9276-15175c4bc931,2026-06-25,lm-1,c6632466-befd-416f-abea-f0cfaa311ae1,1782421069120
574059ba-f1e6-4419-b35d-563abdea9b18,2026-06-25,lm-2,c6632466-befd-416f-abea-f0cfaa311ae1,1782421069767
76cc34bd-94c2-4837-a3fa-f4798ac08db3,2026-06-25,ps-1,c6632466-befd-416f-abea-f0cfaa311ae1,1782421070517
e12808bb-8711-4104-9fb7-fc7c48dc8ddf,2026-06-25,ps-2,c6632466-befd-416f-abea-f0cfaa311ae1,1782421071284
41eb2dd4-d6b3-493d-9287-a741de5abf2e,2026-06-25,pm-1,c6632466-befd-416f-abea-f0cfaa311ae1,1782421073025
aa260e71-27ba-4d09-af98-57d3b480c866,2026-06-25,lm-1,ffce980a-6090-482c-a11d-b7f969f696d7,1782421326002
edc9dc69-d677-4ffe-b614-9261e05c1195,2026-06-25,lm-2,ffce980a-6090-482c-a11d-b7f969f696d7,1782421326607
866d62ec-6de0-43bb-9e1d-a58a7bd1456b,2026-06-25,ps-1,ffce980a-6090-482c-a11d-b7f969f696d7,1782421388110
2a0f82e0-9ec9-4aac-9626-4c27e7f3dffc,2026-06-25,ps-2,ffce980a-6090-482c-a11d-b7f969f696d7,1782421388833
f4c3686c-790b-41f7-bbc4-309345e13e7e,2026-06-25,pm-1,ffce980a-6090-482c-a11d-b7f969f696d7,1782421765288
fbd8f3dd-d897-4a38-a056-36f6c37b433a,2026-06-25,pm-4,ffce980a-6090-482c-a11d-b7f969f696d7,1782421779181
4f1800c5-cdcf-4db7-8db9-dde4b62f83c6,2026-06-25,lm-1,4c31f12c-52dd-45e7-aa2b-6a0e78e70055,1782422322477
e2fa7b42-2ce4-4f32-b5e1-01140d7d277f,2026-06-25,lm-2,4c31f12c-52dd-45e7-aa2b-6a0e78e70055,1782422322666
6162aa8e-eebf-4739-a3d3-3ab1390a969f,2026-06-25,ps-1,4c31f12c-52dd-45e7-aa2b-6a0e78e70055,1782422324267
bc849eb6-9ad8-468b-af62-9455b9827fa2,2026-06-25,ps-2,4c31f12c-52dd-45e7-aa2b-6a0e78e70055,1782422325775
99180815-f92d-47e5-8d97-bf88ac1d9a32,2026-06-25,pm-1,4c31f12c-52dd-45e7-aa2b-6a0e78e70055,1782422328055
859012aa-8893-4fde-958b-2d69831318c5,2026-06-25,pm-2,4c31f12c-52dd-45e7-aa2b-6a0e78e70055,1782422329010
fcec8c50-af4c-4cd8-84af-f1f3387be5ae,2026-06-25,pm-3,4c31f12c-52dd-45e7-aa2b-6a0e78e70055,1782422331475
840cd9a7-f3ca-41c3-bb6c-4ce3fb19affa,2026-06-25,pm-4,4c31f12c-52dd-45e7-aa2b-6a0e78e70055,1782422333126
35afcead-bcec-4644-abec-a6da36e1178e,2026-06-25,pm-5,4c31f12c-52dd-45e7-aa2b-6a0e78e70055,1782422334299
1e7882e3-1b42-4eda-92c7-5f50eef71714,2026-06-25,pm-6,4c31f12c-52dd-45e7-aa2b-6a0e78e70055,1782422339045
39ba8767-b733-4e43-96bc-0d9d27537a56,2026-06-25,pm-2,ffce980a-6090-482c-a11d-b7f969f696d7,1782423999087
9a601491-6d9e-45d8-85a2-fb26fbc879a4,2026-06-25,pm-6,ffce980a-6090-482c-a11d-b7f969f696d7,1782423999565
cdd92f01-0622-4e69-907e-5373f69c417f,2026-06-25,pm-2,c6632466-befd-416f-abea-f0cfaa311ae1,1782425602643
ecc6bdf0-169a-4905-8716-d2f9f93ebd1b,2026-06-25,pm-3,c6632466-befd-416f-abea-f0cfaa311ae1,1782425603071
707c650b-ce23-4905-b70c-a3a5622e9c5e,2026-06-25,pm-4,c6632466-befd-416f-abea-f0cfaa311ae1,1782425604005
a26cd565-44b3-42bb-a1c8-f91a50d3c23e,2026-06-25,pm-5,c6632466-befd-416f-abea-f0cfaa311ae1,1782425606402
7e8a5e25-0db1-4d0c-82a7-a9243b610efe,2026-06-25,pm-6,c6632466-befd-416f-abea-f0cfaa311ae1,1782425608848
1b905efb-f9ca-4dbb-9794-c7b640495201,2026-06-26,lm-1,ffce980a-6090-482c-a11d-b7f969f696d7,1782485313831
3125dd10-baa6-49a5-9333-ef6385d8b5e7,2026-06-26,lm-2,ffce980a-6090-482c-a11d-b7f969f696d7,1782485314162
4a44c9d1-74cf-4d00-8b01-5ce8e7f2f987,2026-06-26,lm-1,4c31f12c-52dd-45e7-aa2b-6a0e78e70055,1782508094062
c01e2bed-0097-4d2e-a8eb-5bcb180921e5,2026-06-26,lm-2,4c31f12c-52dd-45e7-aa2b-6a0e78e70055,1782508095431
a3d82684-60ad-454b-9813-b526ca7645d3,2026-06-26,ps-1,4c31f12c-52dd-45e7-aa2b-6a0e78e70055,1782508097371
c13b7f98-6d26-4d46-b388-6e2a6a4c0e81,2026-06-26,lm-1,c6632466-befd-416f-abea-f0cfaa311ae1,1782508677027
60f4c3a0-454b-471f-a913-f91f83b5d472,2026-06-26,lm-2,c6632466-befd-416f-abea-f0cfaa311ae1,1782508677445
58a95ca5-8a6b-4bd9-a4a8-10b2a749ed3a,2026-06-29,lm-2,ffce980a-6090-482c-a11d-b7f969f696d7,1782751675525
13ef560f-95c2-47a5-918c-5600361f5826,2026-06-29,lm-1,c6632466-befd-416f-abea-f0cfaa311ae1,1782767009917
3009c8ca-b245-474e-abe8-be23e90f0d1f,2026-06-29,lm-2,c6632466-befd-416f-abea-f0cfaa311ae1,1782767010222
8c4bc4e7-586d-4821-9ada-6b5c0083074c,2026-06-29,ps-1,c6632466-befd-416f-abea-f0cfaa311ae1,1782767013067
23087425-d939-4f92-835c-5a371c777f0a,2026-06-29,ps-2,c6632466-befd-416f-abea-f0cfaa311ae1,1782767014604
93a1194c-8014-4b53-98bc-fd36a83486ac,2026-06-29,pm-1,c6632466-befd-416f-abea-f0cfaa311ae1,1782767018464
00489e4d-5879-45bb-9ee1-b6a2ae09d456,2026-06-29,lm-1,4c31f12c-52dd-45e7-aa2b-6a0e78e70055,1782767633499
4b39b4f1-a3a7-4cb7-a5da-03c4c537126c,2026-06-29,lm-1,ffce980a-6090-482c-a11d-b7f969f696d7,1782767634088
e153a4d4-bd76-4b15-a68e-f3394360b523,2026-06-29,lm-2,4c31f12c-52dd-45e7-aa2b-6a0e78e70055,1782767634503
2167f5cf-30c6-48d2-be5f-fd260b67923e,2026-06-29,ps-1,ffce980a-6090-482c-a11d-b7f969f696d7,1782767636066
0aae56ff-a938-44dd-a237-7317913b4b9f,2026-06-29,ps-2,ffce980a-6090-482c-a11d-b7f969f696d7,1782767636535
0cdc4251-3ec3-4ead-9af7-d3b841a992f6,2026-06-29,ps-2,4c31f12c-52dd-45e7-aa2b-6a0e78e70055,1782767639798
5be27f63-fcad-4d2b-b622-3080d58951c4,2026-06-29,pm-1,4c31f12c-52dd-45e7-aa2b-6a0e78e70055,1782767643491
d681e6f6-adce-492b-aa7d-0b0af85e71c2,2026-06-29,pm-2,4c31f12c-52dd-45e7-aa2b-6a0e78e70055,1782767645398
ce14a640-d015-47bf-8944-68c426237bd2,2026-06-29,pm-1,ffce980a-6090-482c-a11d-b7f969f696d7,1782767645794
c3fa6746-45e2-47c3-bf59-9f2d5207fffb,2026-06-29,pm-2,ffce980a-6090-482c-a11d-b7f969f696d7,1782767647161
78fc440d-1ae1-4791-922e-317932ea4462,2026-06-29,pm-4,ffce980a-6090-482c-a11d-b7f969f696d7,1782767649183
69c10f0b-d5f5-4d36-9673-da30f9caeb97,2026-06-29,pm-4,4c31f12c-52dd-45e7-aa2b-6a0e78e70055,1782767690775
6df23255-4f4b-40c3-9eca-bab5c2332c89,2026-06-29,pm-5,4c31f12c-52dd-45e7-aa2b-6a0e78e70055,1782767692596
a5152e06-107a-4b23-aadf-9297cf5b6a4c,2026-06-29,pm-6,4c31f12c-52dd-45e7-aa2b-6a0e78e70055,1782767694480
98de3d32-76ac-4a83-baf8-36fc3333d8a9,2026-06-29,pm-6,ffce980a-6090-482c-a11d-b7f969f696d7,1782768209838
231151e5-1693-458e-8c5b-c7dd2c5e0dbe,2026-06-30,lm-1,4c31f12c-52dd-45e7-aa2b-6a0e78e70055,1782831134534
221d58cd-1d96-45e3-8fe7-86c6550f87e8,2026-06-30,lm-2,4c31f12c-52dd-45e7-aa2b-6a0e78e70055,1782831135835
19b2b0b2-f2f4-4f03-8ca4-51f4988961e0,2026-06-30,lm-1,ffce980a-6090-482c-a11d-b7f969f696d7,1782852417208
b0e1804d-67db-4cae-afe3-394686d61215,2026-06-30,lm-2,ffce980a-6090-482c-a11d-b7f969f696d7,1782852417483
2714b643-519b-42f1-9a91-53a5aef4a06e,2026-06-30,ps-1,ffce980a-6090-482c-a11d-b7f969f696d7,1782852418541
4c06af2a-d7de-4130-8119-97d7e3bc9c5f,2026-06-30,pm-2,ffce980a-6090-482c-a11d-b7f969f696d7,1782854521795
47f86da6-cae8-4c9e-ba22-97aac25d6f75,2026-07-01,lm-1,ffce980a-6090-482c-a11d-b7f969f696d7,1782932055162
c807e234-3759-48b3-87c6-4678c7e919ad,2026-07-01,lm-2,ffce980a-6090-482c-a11d-b7f969f696d7,1782932055408
09dc39cf-55bc-4f2b-a2de-84e7a9ebbc6a,2026-07-01,ps-1,ffce980a-6090-482c-a11d-b7f969f696d7,1782932056034
d33bf009-2c27-4f38-bf97-f5c610b95b7f,2026-07-01,ps-2,ffce980a-6090-482c-a11d-b7f969f696d7,1782932057291
aa73fa70-5576-4fb8-8d96-af7393a1838b,2026-07-01,pm-1,ffce980a-6090-482c-a11d-b7f969f696d7,1782932068580
21e2e4a1-3729-422b-ab26-c0dedc18d895,2026-07-01,pm-2,ffce980a-6090-482c-a11d-b7f969f696d7,1782932071933
bb00d4b5-d524-4238-b381-838fbee17d92,2026-07-01,pm-3,ffce980a-6090-482c-a11d-b7f969f696d7,1782932072952
11fabac5-6c48-4ae9-ad7b-bc629130e706,2026-07-01,pm-4,ffce980a-6090-482c-a11d-b7f969f696d7,1782932074102
4e4c35a6-3c1b-4203-ba92-759807ce0acf,2026-07-01,pm-5,ffce980a-6090-482c-a11d-b7f969f696d7,1782932074861
9836bf87-be01-46f0-8e1a-ffc32f34aba7,2026-07-01,pm-6,ffce980a-6090-482c-a11d-b7f969f696d7,1782932076597
57ee45e3-d2d9-489d-ab38-ce97e8066b04,2026-07-02,lm-1,ffce980a-6090-482c-a11d-b7f969f696d7,1783000875140
ac3a1307-2e39-44c3-8cee-3ff48c8a15f6,2026-07-02,lm-2,ffce980a-6090-482c-a11d-b7f969f696d7,1783000875415
3bee7140-1950-41e0-a3db-c5809ce1671c,2026-07-02,ps-1,ffce980a-6090-482c-a11d-b7f969f696d7,1783026271081
ac84b423-ac46-4642-9b93-c9a1553f7f7a,2026-07-02,ps-2,ffce980a-6090-482c-a11d-b7f969f696d7,1783026271422
620e0018-7946-4564-a6d0-c762d7fb7f5d,2026-07-02,pm-1,ffce980a-6090-482c-a11d-b7f969f696d7,1783026394523
60973c7d-be29-4877-99d4-18f76788dd6a,2026-07-02,pm-3,ffce980a-6090-482c-a11d-b7f969f696d7,1783026499520
5607f3a6-ec2f-4e8c-af9b-737bc9130f05,2026-07-02,pm-4,ffce980a-6090-482c-a11d-b7f969f696d7,1783026506829
0c9b518b-15c6-4d21-a7be-9b77d84d95b1,2026-07-02,lm-1,c6632466-befd-416f-abea-f0cfaa311ae1,1783026516199
e92e2daa-69b9-48fc-93e2-fe0ef6d6fb2c,2026-07-02,lm-2,c6632466-befd-416f-abea-f0cfaa311ae1,1783026516688
d2cf91fc-0e5e-46b5-9bf7-2084f8efb7d8,2026-07-02,lm-1,4c31f12c-52dd-45e7-aa2b-6a0e78e70055,1783026664391
9862f9df-99b2-45af-8a71-4c0771fe6b17,2026-07-02,lm-2,4c31f12c-52dd-45e7-aa2b-6a0e78e70055,1783026664825
541d81f2-ce29-4a40-8f77-c0ce25e1b34b,2026-07-02,ps-1,4c31f12c-52dd-45e7-aa2b-6a0e78e70055,1783026665472
06f4d3a3-1208-4b21-97c1-64f5e59493f8,2026-07-02,ps-2,4c31f12c-52dd-45e7-aa2b-6a0e78e70055,1783026666240
88acc487-3494-4834-9ba1-7937bed5c7bd,2026-07-02,pm-1,4c31f12c-52dd-45e7-aa2b-6a0e78e70055,1783026667200
90d3098e-a6fe-4f7a-a57e-947a1867b75a,2026-07-02,pm-2,4c31f12c-52dd-45e7-aa2b-6a0e78e70055,1783026668195
7bdcc418-4085-49a6-90fc-60677ea5b0de,2026-07-02,pm-3,4c31f12c-52dd-45e7-aa2b-6a0e78e70055,1783026668858
f39e61fb-87ff-467c-96e3-47eb83afc3dc,2026-07-02,pm-4,4c31f12c-52dd-45e7-aa2b-6a0e78e70055,1783026670428
e9a6f89d-fe3f-4fe3-84f5-b537be493b19,2026-07-02,pm-5,4c31f12c-52dd-45e7-aa2b-6a0e78e70055,1783026671619
53ace334-9c5b-4f85-9fd5-ed0923b9601d,2026-07-02,pm-6,4c31f12c-52dd-45e7-aa2b-6a0e78e70055,1783026674147
00bce306-b5db-4479-9d2f-7b9ff11e473c,2026-07-02,pm-5,ffce980a-6090-482c-a11d-b7f969f696d7,1783027314948
c81f9fe9-78cd-4c12-a3c6-9a87716b3056,2026-07-02,pm-6,ffce980a-6090-482c-a11d-b7f969f696d7,1783027315196
38f1d083-7880-428e-9b51-51deae3b02cc,2026-07-02,pm-2,ffce980a-6090-482c-a11d-b7f969f696d7,1783027315441
47b4019e-813a-45f6-ab96-2cb3b31a20cb,2026-07-03,lm-1,ffce980a-6090-482c-a11d-b7f969f696d7,1783109698916
69cfb18b-a64a-48ad-99cc-4b5e6fceb410,2026-07-03,lm-2,ffce980a-6090-482c-a11d-b7f969f696d7,1783109699160
3c5ec994-b46d-4eb7-b54c-ff7bde5bf454,2026-07-03,ps-2,ffce980a-6090-482c-a11d-b7f969f696d7,1783109699388
7e8ee00c-1522-49e8-a914-811af583804c,2026-07-03,ps-1,ffce980a-6090-482c-a11d-b7f969f696d7,1783109699614
fb8797a6-d064-4cd5-a3d9-9eb8e0e474f8,2026-07-03,pm-1,ffce980a-6090-482c-a11d-b7f969f696d7,1783110050936
c8d8514c-2be0-4942-905d-1eae1cca052d,2026-07-03,pm-2,ffce980a-6090-482c-a11d-b7f969f696d7,1783111177871
f0f98362-006f-4ef9-90c7-fb79515b32f7,2026-07-03,pm-3,ffce980a-6090-482c-a11d-b7f969f696d7,1783111178154
1992f235-1f66-4389-aa50-3fa1896588c5,2026-07-03,pm-4,ffce980a-6090-482c-a11d-b7f969f696d7,1783111178391
6fbe3a10-a034-4991-b559-875582d129e5,2026-07-03,pm-5,ffce980a-6090-482c-a11d-b7f969f696d7,1783111178648
6c70c98d-8ebf-44cc-b1b9-2e747e0dc66d,2026-07-03,pm-6,ffce980a-6090-482c-a11d-b7f969f696d7,1783111178910
82cd279f-ca63-49eb-9213-f69b84897621,2026-07-06,lm-1,ffce980a-6090-482c-a11d-b7f969f696d7,1783347805081
c23c002d-b37e-4d7a-9854-5fe2a70f2ad1,2026-07-06,lm-2,ffce980a-6090-482c-a11d-b7f969f696d7,1783347805515
c0b681df-2de1-4b15-8c75-2d4e74b31d59,2026-07-06,lm-1,4c31f12c-52dd-45e7-aa2b-6a0e78e70055,1783371491459
08eeaf1a-908e-4ef6-8ea0-15fa4f82d2e5,2026-07-06,lm-2,4c31f12c-52dd-45e7-aa2b-6a0e78e70055,1783371492103
cf3b556f-02a5-40b6-93d3-065f9f1321b7,2026-07-06,ps-1,4c31f12c-52dd-45e7-aa2b-6a0e78e70055,1783371493160
0d4e7064-61a7-4dcb-880f-ee1e7d4fda9e,2026-07-06,ps-2,4c31f12c-52dd-45e7-aa2b-6a0e78e70055,1783371493674
bedf5de8-9c61-4f99-b63a-b3b47b97ea60,2026-07-06,pm-1,4c31f12c-52dd-45e7-aa2b-6a0e78e70055,1783371495978
e6fbf2d6-2134-455d-85b1-7a625c4a6aef,2026-07-06,pm-2,4c31f12c-52dd-45e7-aa2b-6a0e78e70055,1783371496874
1e394cf0-a42b-4d3d-bd05-22f526b89279,2026-07-06,pm-3,4c31f12c-52dd-45e7-aa2b-6a0e78e70055,1783371498528
b06b2681-659f-418f-a16f-a197ba61f3f4,2026-07-06,pm-4,4c31f12c-52dd-45e7-aa2b-6a0e78e70055,1783371502042
b927b2ca-bc4a-46e9-a57b-9bb9ab2b5e91,2026-07-06,pm-5,4c31f12c-52dd-45e7-aa2b-6a0e78e70055,1783371502789
d0cc2052-c99a-4e9f-b78b-5be0a11e0cde,2026-07-06,pm-6,4c31f12c-52dd-45e7-aa2b-6a0e78e70055,1783371503320
f47050f4-5e48-426d-a7cb-74adb35417d0,2026-07-06,ps-1,ffce980a-6090-482c-a11d-b7f969f696d7,1783371508378
02d4fb42-63ec-447c-99d8-059137015dd0,2026-07-06,ps-2,ffce980a-6090-482c-a11d-b7f969f696d7,1783371508939
40e841af-4ea4-46d9-a3e6-13d5a9f08fba,2026-07-06,pm-1,ffce980a-6090-482c-a11d-b7f969f696d7,1783371512769
d73fc2d4-7db6-44cd-89ac-477956e977ce,2026-07-06,pm-4,ffce980a-6090-482c-a11d-b7f969f696d7,1783371516410
baa05a39-f129-4a05-add7-2531bff9a375,2026-07-06,pm-2,ffce980a-6090-482c-a11d-b7f969f696d7,1783371529007
f8ee824d-58be-4117-a661-cd72c2606e2f,2026-07-06,pm-6,ffce980a-6090-482c-a11d-b7f969f696d7,1783371530342
96f2181d-aba5-4ed0-98fa-bc1c4d0ae60d,2026-07-06,lm-1,c6632466-befd-416f-abea-f0cfaa311ae1,1783371633075
98cc8cd0-af09-4870-bc8b-c63b417bdc20,2026-07-06,lm-2,c6632466-befd-416f-abea-f0cfaa311ae1,1783371633645
5e42ca28-3f27-4a5c-8c97-75d4c21f16df,2026-07-06,ps-1,c6632466-befd-416f-abea-f0cfaa311ae1,1783371634955
e1c25414-4789-4213-a703-308a77c2ecfc,2026-07-06,ps-2,c6632466-befd-416f-abea-f0cfaa311ae1,1783371636683
9fbbc245-2df8-4077-a143-72f5cb421289,2026-07-06,pm-1,c6632466-befd-416f-abea-f0cfaa311ae1,1783371950689
90aadc88-dbde-47e2-9baa-38e9a4237af2,2026-07-06,pm-2,c6632466-befd-416f-abea-f0cfaa311ae1,1783372097475
592265c0-04d8-4384-93c8-b66da10ea71e,2026-07-06,pm-3,c6632466-befd-416f-abea-f0cfaa311ae1,1783372098672
096334d0-2cc4-4555-9b60-f987756ec468,2026-07-06,pm-4,c6632466-befd-416f-abea-f0cfaa311ae1,1783372100095
b426fc37-5fa9-4abb-9c81-ea456ed4a667,2026-07-06,pm-5,c6632466-befd-416f-abea-f0cfaa311ae1,1783372362926
f674b3a2-f41d-4809-a126-bf03140c0127,2026-07-06,pm-6,c6632466-befd-416f-abea-f0cfaa311ae1,1783372363564
7568315c-d890-4786-8416-b424b74ebf73,2026-07-06,pm-3,ffce980a-6090-482c-a11d-b7f969f696d7,1783384565208
217cf65c-0e6f-4a8b-9b75-42a0998e2314,2026-07-06,pm-5,ffce980a-6090-482c-a11d-b7f969f696d7,1783384565619
a219b790-4e4b-4844-9ee8-00e71d1ba1bd,2026-07-07,lm-1,4c31f12c-52dd-45e7-aa2b-6a0e78e70055,1783433093444
8a77223b-502d-47a6-ae4a-0347abcd084a,2026-07-07,lm-2,4c31f12c-52dd-45e7-aa2b-6a0e78e70055,1783433093764
02b84b82-9014-4f47-a52f-099ecb8b2d12,2026-07-07,lm-1,ffce980a-6090-482c-a11d-b7f969f696d7,1783435055079
ab3b506d-2174-4502-9188-d158a5f4041d,2026-07-07,lm-2,ffce980a-6090-482c-a11d-b7f969f696d7,1783435055743
64c7fb68-dfed-445a-b073-4f62c02426d2,2026-07-07,lm-1,c6632466-befd-416f-abea-f0cfaa311ae1,1783440257755
d0cdab7b-504d-40a6-9801-d6005e45e981,2026-07-07,lm-2,c6632466-befd-416f-abea-f0cfaa311ae1,1783440258712
252a3b11-d491-426d-937b-e7daf31a521e,2026-07-07,pm-1,c6632466-befd-416f-abea-f0cfaa311ae1,1783457431014
8e9a3a5b-bad3-4795-8e18-8bbdf90bd416,2026-07-07,pm-2,c6632466-befd-416f-abea-f0cfaa311ae1,1783457437572
1bcce3c9-0d45-4e1a-a9d8-ec5b1f10854d,2026-07-07,ps-2,4c31f12c-52dd-45e7-aa2b-6a0e78e70055,1783458683543
0460531d-df43-4a94-b144-c5945036f3b2,2026-07-07,pm-7,4c31f12c-52dd-45e7-aa2b-6a0e78e70055,1783458723917
698d02ec-3a3d-4e48-88e2-b3e40582babe,2026-07-07,pm-3,4c31f12c-52dd-45e7-aa2b-6a0e78e70055,1783458812763
04e63bc5-6d25-4922-9c0d-efd4c842f2ae,2026-07-07,pm-3,c6632466-befd-416f-abea-f0cfaa311ae1,1783458856495
8f9a1fee-524c-4675-9ea0-c8dd8c2bddcd,2026-07-07,pm-4,c6632466-befd-416f-abea-f0cfaa311ae1,1783458857676
0843b777-42c4-47ce-adf7-443385a6f125,2026-07-07,pm-5,c6632466-befd-416f-abea-f0cfaa311ae1,1783459164013
37f47fed-b652-4cbf-883c-e4061e8b902d,2026-07-07,pm-6,c6632466-befd-416f-abea-f0cfaa311ae1,1783459165170
d9983e7e-8a20-4638-af02-22ebb330fade,2026-07-07,pm-7,c6632466-befd-416f-abea-f0cfaa311ae1,1783459312556
600b3e6f-8dfb-4da2-8d40-bdbbf9c207f8,2026-07-08,lm-1,ffce980a-6090-482c-a11d-b7f969f696d7,1783524055774
93f6eacf-fb28-4acd-b50c-b6b8a531647b,2026-07-08,lm-2,ffce980a-6090-482c-a11d-b7f969f696d7,1783524056109
99cb707b-aff6-48bd-a5a4-1da0db9117fd,2026-07-08,lm-1,4c31f12c-52dd-45e7-aa2b-6a0e78e70055,1783525297563
51be36a3-0937-4f74-b4f5-e520ec369233,2026-07-08,ps-1,ffce980a-6090-482c-a11d-b7f969f696d7,1783546637871
827e24fa-d5b9-4299-a3b0-7dcdd816e296,2026-07-08,ps-2,ffce980a-6090-482c-a11d-b7f969f696d7,1783546638441
1fd97688-799b-4253-a444-7419995d145c,2026-07-08,pm-1,ffce980a-6090-482c-a11d-b7f969f696d7,1783546714440
75daae94-ba2a-4201-8c52-e3f53a8e8097,2026-07-08,pm-2,ffce980a-6090-482c-a11d-b7f969f696d7,1783546722502
52cad729-3618-43cb-86f9-4d476b39bb5f,2026-07-08,pm-4,ffce980a-6090-482c-a11d-b7f969f696d7,1783546762332
614b6eec-6e3b-4a04-9717-f2336e33bce7,2026-07-08,pm-3,ffce980a-6090-482c-a11d-b7f969f696d7,1783546772185
1bf0e434-977c-468c-8cbf-ae6b6469f8c6,2026-07-08,pm-7,ffce980a-6090-482c-a11d-b7f969f696d7,1783547183737
b35576bd-4700-4fdc-a71e-456a51a5b9fd,2026-07-08,pm-5,ffce980a-6090-482c-a11d-b7f969f696d7,1783547187892
af24bee7-7d45-471c-97cc-1263b9d09933,2026-07-08,pm-6,ffce980a-6090-482c-a11d-b7f969f696d7,1783548110438
f87f1aba-fc97-4baf-bfc8-2334417bf1b0,2026-07-08,lm-1,c6632466-befd-416f-abea-f0cfaa311ae1,1783548873957
a164ff03-7fc1-494d-9866-b72f0cf91ac3,2026-07-08,lm-2,c6632466-befd-416f-abea-f0cfaa311ae1,1783548874371
37ca1c3d-33e6-437b-b709-394db18c7600,2026-07-09,lm-1,c6632466-befd-416f-abea-f0cfaa311ae1,1783617179235
80a347c3-b809-463e-a547-72e340abb32d,2026-07-09,lm-2,c6632466-befd-416f-abea-f0cfaa311ae1,1783617180699
1dc6351b-5c49-44f0-9603-a03c96efa3f1,2026-07-09,ps-1,c6632466-befd-416f-abea-f0cfaa311ae1,1783617197074
68b4d414-b519-4991-bcf1-b5751997c80c,2026-07-09,ps-2,c6632466-befd-416f-abea-f0cfaa311ae1,1783617198809
29d0202c-c427-41b9-bcc0-c6991fb686c9,2026-07-09,lm-1,ffce980a-6090-482c-a11d-b7f969f696d7,1783617344362
f913c242-072e-4bb5-ace9-cf28348b3158,2026-07-09,lm-2,ffce980a-6090-482c-a11d-b7f969f696d7,1783617344597
d5e1459e-d468-408e-bf5b-8ef4454fe05a,2026-07-13,lm-1,ffce980a-6090-482c-a11d-b7f969f696d7,1783953363212
6bdbdaf4-09ae-428d-81c0-7476d5ba8b1b,2026-07-13,lm-2,ffce980a-6090-482c-a11d-b7f969f696d7,1783953363965
215b2e82-bf29-4f2c-9216-f7bbc79cfacb,2026-07-13,lm-1,4c31f12c-52dd-45e7-aa2b-6a0e78e70055,1783959338876
3984e44e-e443-49d4-808a-e4df1b04dd90,2026-07-13,lm-2,4c31f12c-52dd-45e7-aa2b-6a0e78e70055,1783959342718
7611cabb-00db-44c5-914b-ed4e71be8625,2026-07-13,lm-1,c6632466-befd-416f-abea-f0cfaa311ae1,1783966887802
ea289cc3-e5d0-4ae5-ae3b-8bfeb1e8100f,2026-07-13,lm-2,c6632466-befd-416f-abea-f0cfaa311ae1,1783966888402
11a89e7b-c73f-4252-b419-9bfcc968db73,2026-07-13,pm-1,c6632466-befd-416f-abea-f0cfaa311ae1,1783979974305
e276b120-6bf6-464b-9fd4-f6859c9331fc,2026-07-13,pm-2,c6632466-befd-416f-abea-f0cfaa311ae1,1783980840487
baa205ea-816e-42a6-9e70-706eabe05224,2026-07-13,pm-3,c6632466-befd-416f-abea-f0cfaa311ae1,1783980842138
91cb1fbd-0f8a-4843-b49e-a9bdd7fc987c,2026-07-13,pm-4,c6632466-befd-416f-abea-f0cfaa311ae1,1783980843612
d4072a0c-12e9-4251-875b-58581492bf03,2026-07-13,pm-5,c6632466-befd-416f-abea-f0cfaa311ae1,1783980846512
256c8628-6a56-4ec8-a7f5-e5ab3ac8db65,2026-07-13,pm-6,c6632466-befd-416f-abea-f0cfaa311ae1,1783980848953
d6b8d7f4-c0ab-4dfd-a3aa-e07cb5c9d586,2026-07-13,pm-7,c6632466-befd-416f-abea-f0cfaa311ae1,1783980850300
b52c6eb0-24c3-4305-8178-2b07cc7c606d,2026-07-13,ps-1,4c31f12c-52dd-45e7-aa2b-6a0e78e70055,1783980858426
1cdaf14f-3bca-49f9-89a9-73c7cd274f86,2026-07-13,ps-2,4c31f12c-52dd-45e7-aa2b-6a0e78e70055,1783980859367
bc7f7783-f72f-4ffe-b06a-b49802a5efb9,2026-07-13,pm-1,4c31f12c-52dd-45e7-aa2b-6a0e78e70055,1783980860134
cc11b1f8-e322-4f61-a31d-03a26ccbace9,2026-07-13,pm-2,4c31f12c-52dd-45e7-aa2b-6a0e78e70055,1783980860760
9142b227-a9c4-47dd-8ddc-95d5268a61f9,2026-07-13,pm-3,4c31f12c-52dd-45e7-aa2b-6a0e78e70055,1783980861292
4d254f32-faea-43b8-90b2-5107f1ac075f,2026-07-13,pm-4,4c31f12c-52dd-45e7-aa2b-6a0e78e70055,1783980862872
e2e06220-35ee-4e8d-a45e-f0c4a48fe0a0,2026-07-13,pm-5,4c31f12c-52dd-45e7-aa2b-6a0e78e70055,1783980863638
0ed51576-91ec-4acc-a046-37b15faee676,2026-07-13,pm-6,4c31f12c-52dd-45e7-aa2b-6a0e78e70055,1783980864479
a74842d0-51b6-469c-9990-79e82eb42bbd,2026-07-13,pm-7,4c31f12c-52dd-45e7-aa2b-6a0e78e70055,1783980865257
775e3839-e04e-4e78-96e0-12e8764252d8,2026-07-13,ps-1,ffce980a-6090-482c-a11d-b7f969f696d7,1783982501090
64794d15-2973-4e98-ae7b-f672ffcee76b,2026-07-13,ps-2,ffce980a-6090-482c-a11d-b7f969f696d7,1783982501450
23944805-8d26-47f8-8539-e617ed77df82,2026-07-13,pm-1,ffce980a-6090-482c-a11d-b7f969f696d7,1783982502884
a57dc08b-83d3-4881-a571-d553e24c4884,2026-07-13,pm-2,ffce980a-6090-482c-a11d-b7f969f696d7,1783982503530
6f3e1cbf-ff60-4cea-a5c3-07fe6ab4ca6b,2026-07-13,pm-3,ffce980a-6090-482c-a11d-b7f969f696d7,1783982504065
12c7a946-9849-4ac7-b0d7-0cc8360b2618,2026-07-13,pm-4,ffce980a-6090-482c-a11d-b7f969f696d7,1783982504751
31668318-f6e4-403b-8db6-ee78cc0014a8,2026-07-13,pm-5,ffce980a-6090-482c-a11d-b7f969f696d7,1783982505496
d93c2efa-8bcb-4758-8a02-fcc5f8fb53d3,2026-07-13,pm-6,ffce980a-6090-482c-a11d-b7f969f696d7,1783982506071
242379b5-9f8b-4a2d-9c6d-f26dd2ff05ba,2026-07-13,pm-7,ffce980a-6090-482c-a11d-b7f969f696d7,1783982506582
887246ab-f735-4b9d-b230-b70a1156cd54,2026-07-14,lm-1,ffce980a-6090-482c-a11d-b7f969f696d7,1784038554814
c07280de-8bd7-4940-b9de-36b9cb1be1a1,2026-07-14,lm-2,ffce980a-6090-482c-a11d-b7f969f696d7,1784064754947
9d4fd2e5-90d8-481e-8d68-19ce9035a89b,2026-07-14,ps-1,ffce980a-6090-482c-a11d-b7f969f696d7,1784064755858
a8a4c1b7-dd41-40c4-be9d-9aad5f9be295,2026-07-14,ps-2,ffce980a-6090-482c-a11d-b7f969f696d7,1784064756163
293f1fbb-585a-4a3d-a223-075ceaf22cb8,2026-07-14,pm-1,ffce980a-6090-482c-a11d-b7f969f696d7,1784064756744
fde06377-1383-4627-b551-f901801aeece,2026-07-14,pm-2,ffce980a-6090-482c-a11d-b7f969f696d7,1784064757113
63dfc145-2125-4d57-a8f2-d3a5c7d118df,2026-07-14,pm-3,ffce980a-6090-482c-a11d-b7f969f696d7,1784064757690
7d066355-894a-4ab7-89bd-06e7e5a18bb0,2026-07-14,pm-4,ffce980a-6090-482c-a11d-b7f969f696d7,1784064758019
fc16a2b8-bfc7-4e26-afbc-538fb3db97da,2026-07-14,pm-6,ffce980a-6090-482c-a11d-b7f969f696d7,1784064759220
468e4bbb-082b-4ace-ad44-01a03b2977a4,2026-07-14,pm-5,ffce980a-6090-482c-a11d-b7f969f696d7,1784064759767
e6f46418-5a27-4fcb-9c52-0377de66d690,2026-07-14,pm-7,ffce980a-6090-482c-a11d-b7f969f696d7,1784064760283
2ab284b7-63ee-4f9f-aefc-b29b673d8d75,2026-07-15,lm-1,ffce980a-6090-482c-a11d-b7f969f696d7,1784127080509
2f4615d9-c1b8-4a5a-a5a2-62836f98b1b8,2026-07-15,lm-2,ffce980a-6090-482c-a11d-b7f969f696d7,1784127080753
a6e9aaa0-8986-40f7-875c-8fa4b0854f27,2026-07-15,lm-1,c6632466-befd-416f-abea-f0cfaa311ae1,1784127998654
64b4578e-f373-4b31-94c4-1dc6e083bd08,2026-07-15,lm-2,c6632466-befd-416f-abea-f0cfaa311ae1,1784127999295
ccef5c5c-6e65-41b0-a878-0bff28c773f7,2026-07-15,lm-1,4c31f12c-52dd-45e7-aa2b-6a0e78e70055,1784143809583
f4dad3a9-86a4-41e6-885f-088cf30538c3,2026-07-15,lm-2,4c31f12c-52dd-45e7-aa2b-6a0e78e70055,1784143809834
b6a0232f-2221-4f93-badb-a599043114af,2026-07-20,lm-1,c6632466-befd-416f-abea-f0cfaa311ae1,1784556340349
08a2b750-1a14-4b54-ba0f-a1429d9a5324,2026-07-20,lm-2,c6632466-befd-416f-abea-f0cfaa311ae1,1784556341467
00de539f-4428-4168-881f-f632dfd862cd,2026-07-20,lm-1,ffce980a-6090-482c-a11d-b7f969f696d7,1784563814370
0c482f0d-b51a-4c8a-b349-8f4ff162eddc,2026-07-20,lm-2,ffce980a-6090-482c-a11d-b7f969f696d7,1784563814835
b6c3ef5f-b7b8-4891-9ecb-94447cbb9b29,2026-07-20,ps-1,ffce980a-6090-482c-a11d-b7f969f696d7,1784601819385
d63ebdfa-548a-4503-b709-2322b4b370b1,2026-07-20,ps-2,ffce980a-6090-482c-a11d-b7f969f696d7,1784601820324
9b052273-e851-4b8c-be96-126d6f17e655,2026-07-20,pm-1,ffce980a-6090-482c-a11d-b7f969f696d7,1784601821274
eda3897f-4b8f-4fec-92d9-3a5c67548cad,2026-07-20,pm-2,ffce980a-6090-482c-a11d-b7f969f696d7,1784601821655
c9f986e6-e5d6-4c10-b9bc-5cda24b25891,2026-07-20,pm-3,ffce980a-6090-482c-a11d-b7f969f696d7,1784601822161
260fb193-9582-4119-86dd-44fba18b8a74,2026-07-20,pm-4,ffce980a-6090-482c-a11d-b7f969f696d7,1784601823200
e592a641-1ca4-4b7f-a64a-14d89a28d3c2,2026-07-20,pm-5,ffce980a-6090-482c-a11d-b7f969f696d7,1784601823567
e88ef87e-a86d-44c0-993a-81f0f495d4bc,2026-07-20,pm-6,ffce980a-6090-482c-a11d-b7f969f696d7,1784601824365
cf54b4d8-54d8-42cc-afc6-47f9135c493b,2026-07-20,pm-7,ffce980a-6090-482c-a11d-b7f969f696d7,1784601825088
f66a523d-4380-402e-bed6-3059ef5a5a9f,2026-07-21,lm-1,ffce980a-6090-482c-a11d-b7f969f696d7,1784642893344
d20e4424-b2ba-4667-9f4d-ef84d9b00825,2026-07-21,lm-2,ffce980a-6090-482c-a11d-b7f969f696d7,1784642893950
80a5c902-8633-4395-bc5f-4b87372bf3ca,2026-07-21,lm-1,4c31f12c-52dd-45e7-aa2b-6a0e78e70055,1784645109156
1b77f002-dcc7-47d5-bdfc-497a881001f3,2026-07-21,lm-2,4c31f12c-52dd-45e7-aa2b-6a0e78e70055,1784645110263
c3af531d-c4dc-4dc1-a2a7-3f36db87b53d,2026-07-22,lm-1,ffce980a-6090-482c-a11d-b7f969f696d7,1784729838225
d5a42d40-05bf-4942-8311-170ac08ccf4c,2026-07-22,lm-2,ffce980a-6090-482c-a11d-b7f969f696d7,1784729838723
caa1d52d-b66e-44fa-bbb8-c6daee9302bd,2026-07-22,lm-1,4c31f12c-52dd-45e7-aa2b-6a0e78e70055,1784754120702
ec551782-a12e-4d6a-b973-cdf5922ba453,2026-07-22,lm-2,4c31f12c-52dd-45e7-aa2b-6a0e78e70055,1784754120843
da292a71-2fc4-408e-8a3a-bd1ddba13f0a,2026-07-22,ps-2,4c31f12c-52dd-45e7-aa2b-6a0e78e70055,1784754123797
6cd8f6bb-31e2-438c-9111-408af96880db,2026-07-22,pm-1,4c31f12c-52dd-45e7-aa2b-6a0e78e70055,1784754125335
b0c9c1b6-2961-434e-859e-26866544d8c9,2026-07-22,pm-2,4c31f12c-52dd-45e7-aa2b-6a0e78e70055,1784754125692
d86e338d-1bd1-4471-9bbc-0145fe432fca,2026-07-22,pm-3,4c31f12c-52dd-45e7-aa2b-6a0e78e70055,1784754126086
5d17c6b1-424c-4d95-b3a0-78cb26fa4ded,2026-07-22,pm-4,4c31f12c-52dd-45e7-aa2b-6a0e78e70055,1784754126856
bffe52ef-c2e2-4147-ae9e-9d3787e2942f,2026-07-22,pm-6,4c31f12c-52dd-45e7-aa2b-6a0e78e70055,1784754128310
922ac5fe-ec62-4d84-a2ea-183345eb8632,2026-07-22,pm-7,4c31f12c-52dd-45e7-aa2b-6a0e78e70055,1784754129792
b47edb4f-a3ad-46e7-8a2e-a0e615b0ca92,2026-07-23,lm-1,ffce980a-6090-482c-a11d-b7f969f696d7,1784835892532
a9292de3-78b1-4132-aa15-e1853f151ba1,2026-07-23,lm-2,ffce980a-6090-482c-a11d-b7f969f696d7,1784835892858
71d1f014-a78a-4e21-ab3d-8a7459274356,2026-07-27,lm-1,4c31f12c-52dd-45e7-aa2b-6a0e78e70055,1785161814318
a9355d91-9267-42bf-96f2-25b93ccbdd52,2026-07-27,lm-2,4c31f12c-52dd-45e7-aa2b-6a0e78e70055,1785161815048
7af9cf9e-1a5f-42fa-8fd1-04e4d37c091e,2026-07-27,lm-1,ffce980a-6090-482c-a11d-b7f969f696d7,1785188315354
0f70885a-8d8d-43a6-b39a-4a9b6b0e4c38,2026-07-27,lm-2,ffce980a-6090-482c-a11d-b7f969f696d7,1785188315627
92ca5730-98bc-4e9b-a4c3-f56d6e14bf93,2026-07-27,ps-1,ffce980a-6090-482c-a11d-b7f969f696d7,1785188316275
a8660945-6550-49ea-8008-d8e9509a52f5,2026-07-27,ps-2,ffce980a-6090-482c-a11d-b7f969f696d7,1785188316944
79e78570-22f5-4c28-a84d-cc849a66b63a,2026-07-27,pm-1,ffce980a-6090-482c-a11d-b7f969f696d7,1785198463733
4ef95670-e40e-42b2-bfff-00b903198aef,2026-07-27,pm-2,ffce980a-6090-482c-a11d-b7f969f696d7,1785198464073
ddb62af9-0222-4e6a-8cbe-2d9b88113b5b,2026-07-27,pm-3,ffce980a-6090-482c-a11d-b7f969f696d7,1785198464447
6bb9fd62-2a2b-4b89-b311-be24dacfa89e,2026-07-27,pm-4,ffce980a-6090-482c-a11d-b7f969f696d7,1785198464805
17a22758-f0d7-4fa1-bc96-55b1577b1dcb,2026-07-27,pm-5,ffce980a-6090-482c-a11d-b7f969f696d7,1785198465231
c550f24d-5961-4a24-ae89-3534afc26d0d,2026-07-27,pm-6,ffce980a-6090-482c-a11d-b7f969f696d7,1785198465793
7baea894-06d9-44ba-b187-1b7afb2d3a26,2026-07-27,pm-7,ffce980a-6090-482c-a11d-b7f969f696d7,1785198467130
8d24a24d-0a04-48ee-b695-56749a5d7fb9,2026-07-28,lm-2,4c31f12c-52dd-45e7-aa2b-6a0e78e70055,1785248873298
3a2deb70-26fa-4dc2-a22d-5731e9c81c5a,2026-07-28,lm-1,4c31f12c-52dd-45e7-aa2b-6a0e78e70055,1785274114657
3e7dfb54-e658-4eaf-8487-ad3fd5089e07,2026-07-28,ps-1,4c31f12c-52dd-45e7-aa2b-6a0e78e70055,1785274116108
3aaea0e9-6cc3-45e7-b013-5406de64bbea,2026-07-28,ps-2,4c31f12c-52dd-45e7-aa2b-6a0e78e70055,1785274117436
01c6c0a3-823e-430e-8781-3c939fa6f282,2026-07-28,pm-1,4c31f12c-52dd-45e7-aa2b-6a0e78e70055,1785274118206
c8e91978-edbd-4590-b2ad-e54e6474972e,2026-07-28,pm-2,4c31f12c-52dd-45e7-aa2b-6a0e78e70055,1785274118652
443b2e1a-3c28-4d6c-926e-4552db0a57fc,2026-07-28,pm-3,4c31f12c-52dd-45e7-aa2b-6a0e78e70055,1785274119721
fe8ad1ad-98a0-4857-9e2e-a822df0042f5,2026-07-28,pm-4,4c31f12c-52dd-45e7-aa2b-6a0e78e70055,1785274120119
d150be72-79e0-42cf-903b-deb6063a7e26,2026-07-28,pm-5,4c31f12c-52dd-45e7-aa2b-6a0e78e70055,1785274120559
48ea071c-7881-4866-8c83-f1aa8f70b6b6,2026-07-28,pm-6,4c31f12c-52dd-45e7-aa2b-6a0e78e70055,1785274121743
1654567b-d65a-42db-bb4b-39e7bb9a2d5f,2026-07-28,pm-7,4c31f12c-52dd-45e7-aa2b-6a0e78e70055,1785274122574
79c0d3c0-500c-4975-99a5-687fa741edc2,2026-07-29,lm-1,ffce980a-6090-482c-a11d-b7f969f696d7,1785345542583
04ff115e-0bd2-444e-9b09-378247bee71e,2026-07-29,lm-2,ffce980a-6090-482c-a11d-b7f969f696d7,1785345543028
e87ce904-0ba9-4fe4-bda5-93f246045f61,2026-07-29,ps-1,ffce980a-6090-482c-a11d-b7f969f696d7,1785345544100
90819b31-19dc-4e62-a412-1b172e8c2ff8,2026-07-29,ps-2,ffce980a-6090-482c-a11d-b7f969f696d7,1785345544709
7638403c-962b-4553-be13-56060f4cca6e,2026-07-29,pm-1,ffce980a-6090-482c-a11d-b7f969f696d7,1785360811468
c76341fe-79b9-49d7-b267-dbe041f8bdbd,2026-07-29,pm-2,ffce980a-6090-482c-a11d-b7f969f696d7,1785360812046
5c1a3d05-dbea-4f7b-b777-bd3cfa439856,2026-07-29,pm-3,ffce980a-6090-482c-a11d-b7f969f696d7,1785360812504
0df02028-6616-41bb-a62f-f86503ff3bb2,2026-07-29,pm-4,ffce980a-6090-482c-a11d-b7f969f696d7,1785360813547
b5de0294-8100-4c92-b062-827d8f6beb36,2026-07-29,pm-5,ffce980a-6090-482c-a11d-b7f969f696d7,1785360814137
aad251bb-e6aa-4a9d-ab3d-c73ec6e7a814,2026-07-29,pm-6,ffce980a-6090-482c-a11d-b7f969f696d7,1785360815845
94bb0b0d-9157-4aa1-bcf3-46a401ec3fa9,2026-07-29,pm-7,ffce980a-6090-482c-a11d-b7f969f696d7,1785360816238
1bb066d8-6260-43e7-a4ab-6a8e1b40eafe,2026-07-30,lm-1,ffce980a-6090-482c-a11d-b7f969f696d7,1785443071466
877e47c0-72a9-480f-94aa-55e36f010b5f,2026-07-30,lm-2,ffce980a-6090-482c-a11d-b7f969f696d7,1785443071680
f58b7c65-8f36-4ba1-b730-ce9a8a112162,2026-07-30,ps-1,ffce980a-6090-482c-a11d-b7f969f696d7,1785443071836
a29e3b98-6f1d-4b3e-a2ec-58c08bc43536,2026-07-30,ps-2,ffce980a-6090-482c-a11d-b7f969f696d7,1785443072106
0f8750ed-4a66-44f1-ad06-281ad743dc53,2026-07-30,pm-1,ffce980a-6090-482c-a11d-b7f969f696d7,1785443072680
b27d3666-9d30-4d9d-a698-8091ea15d5d4,2026-07-30,pm-2,ffce980a-6090-482c-a11d-b7f969f696d7,1785443072996
88c4a53f-c26a-4b03-a543-a00ec2d5d129,2026-07-30,pm-3,ffce980a-6090-482c-a11d-b7f969f696d7,1785443073446
c82a050c-303c-43a1-963a-5bfa9ad5118d,2026-07-30,pm-4,ffce980a-6090-482c-a11d-b7f969f696d7,1785443073828
7dacaa06-8353-48c2-bf58-89b96308e04f,2026-07-30,pm-6,ffce980a-6090-482c-a11d-b7f969f696d7,1785443074838
d193b806-61ab-4b9b-82a7-126e3f9b442b,2026-07-30,pm-5,ffce980a-6090-482c-a11d-b7f969f696d7,1785443075360
3680fd7a-3032-4a23-91d4-af7f9bd88ca3,2026-07-30,pm-7,ffce980a-6090-482c-a11d-b7f969f696d7,1785443076705
3c093158-c951-470f-b5ec-3bc0aef81c47,2026-08-04,lm-1,4c31f12c-52dd-45e7-aa2b-6a0e78e70055,1785878231403
811690ce-1476-4211-8283-678d08d10593,2026-08-04,lm-2,4c31f12c-52dd-45e7-aa2b-6a0e78e70055,1785878232051
cc0f0ee6-1f79-468a-a414-057a186b2451,2026-08-04,ps-1,4c31f12c-52dd-45e7-aa2b-6a0e78e70055,1785878233046
44352857-5db2-4775-9d35-60d51837378a,2026-08-04,ps-2,4c31f12c-52dd-45e7-aa2b-6a0e78e70055,1785878233504
